,smiles
0,N#CCc1ncc(C(=O)NCC2(c3ccc(F)cc3F)n(C)n2)n1
1,Cc1ccncc1CNC(=O)NCCN(C)n1cccc1F
2,CN(Cc1ccccc1C(=O)N(C)C(=O)c1ccc(F)c1)c1cs1
3,O=C(C1CCC1)C(=O)c1ccc(N(C(=O)CCc2ccccc2)c1
4,CCn1nc(C(=O)NCC2CCCCC2)c(C)c1NC(=O)C1C
5,NC(=O)CC(Oc1cccc(OCl)c1)N1CCCOc2ccnn2
6,CCOc1n[nH]c1-c1nnc(C(=O)NC2CCCO2)[nH]1
7,N=C(NC(=O)c1cnc(OCC2CCC2)n1)c1ccccc1
8,CCCNC(=O)c1ccc(NC(=O)c2cn3cccc3[nH]2)c1
9,CCn1nnc(C2CC3CCC3(C(=O)N3C3CC3)C2)c1
10,COC(=O)CCN1CCC(Cc2ccccc2F)C1
11,CCc1cccc(C)c1C(=O)Nc1nc2ccc(=O)cc2c1
12,COc1ccc(C(=O)Nc2ccc3c(c2=O)CCC3)cc1OC
13,Cc1nc(CCn2nnc(NCC(=O)NC3CCC(C)C3)o2)s1
14,O=C(NC1CCC1==C1)Nc1ccc(OC2(C)CCCC3)c1OC
15,COCCCC1Oc1ccc(C(=O)N2CCCO(C(=O)OC)CC2)cc1
16,N#Cc1ccc(F)cc1NC(=O)N1CCCc2cncn2C1
17,O=C(c1cccc(-c2ccc(F)c3c(c3c3ccon4)c2)c1
18,N#Cc1c(=O)[nH]c(=O)c1NS(=O)C1CCC1[nH]c(=O)[nH]1
19,C(=O)CC1CCN(C(=O)OS(=O)(=O)c2ccccc2)1
20,COc1cc(Cl)cc1OC(=O)NC1CC2(CC)C2C1
21,COCCN1CCCN(C(=O)C2CCCC(N)=O)CCC(C)=O)c1o1
22,COc1cc(-c2c(C)nc3n(CC4CC(=O)CC4CC3)nc2ccc1F
23,Cc1cccc(C(=O)NC2c3cccc(C(N)=O)c3[nH]2)n1
24,CCN1CCC(c2nc(C(=O)NN3CCCOC3)o2)CC1
25,CCOC(=O)c1ccccc1Oc1ccc1C
26,CCOc1cc(CC(=O)Nc2cc(Cl)cc2)cc1
27,CNC(=O)CN(C)c1nn2c(c1)CC(C)O2
28,Fc1ccc(-c2c(OC3CC3)nc3n2c1)c1C
29,Cc1nc2nccc2n1CNC(=O)Cc1ccc(C(=O)N)n()c1
30,CNS(=O)(=O)C1CN(C(=O)Nc2nc3ccccc32=O)CCC1
31,Cc1nnn(C)c1CCN1CC(=O)c2cc(N)ccc2C1
32,Cc1noc(C)n1N(C)C(=O)Nc1ncOC(F)(F)F
33,CCOCCNC(=O)NC1CC2CN(c2cc(C(N)=O)cc2)C1
34,O=C1CCC(c2nc(-c3ncn(-c4ncccc4C4)n3)n2)C1
35,Cc1sn(-c2cc(F)cc2)n1C(=O)NCCCC1CCO
36,CN(CCc1nncs1)C(=O)c1cc(Cl)c(C)cc1N
37,O=C(NC1Cc2ccccc2C1)Nc1ccc2c(c1)COCC2
38,Fc1ccc(C2COc3cc(NC(=O)[nH]c4cc(C)cC4)nc3o12
39,COC(=O)c1n(CC)c2ccc(C(=O)Nc3cccc(C)c3)c2n1
40,O=C(c1cccc(F)c1CNC(=O)c1[nH]o1)c1ccccc1
41,COC(=O)c1ccnc1N1CCCc2cc(C)n2C1
42,CSc1ccc(Cl)c(C(=O)NC2CCC2)c1
43,C#CNC(=O)Nc1nnc(-c2cccc3cc(=O)O3)o1
44,Cc1cc(NC(=O)NC(=O)Nc2nc(-c3ccccc3)c2)o1
45,Cc1cncc(OCC(=O)NC2(CCN(C)=O)CC2CCC)n1
46,Cc1ccc(CC2CCc3nc3nc(C)n3C)cc1C
47,O=C(NCc1ccncn1)N1COC2CC(C(F)(F)F)C1
48,CCOCCNC(=O)c1ccc(C(=O)NC(=O)c2ccc(F)s2)c1F
49,COC(=O)COc1ccc(N)c(C(=O)CCc2cccc2)c1
50,Cc1nn(-c2ccc(C(=O)O)cc2C)n1CCc1cncc1
51,Cc1cnc(CC(=O)Nc2ccc(-c3nncn3C)s2)c2cccc12
52,Cc1nnc2c(CC(=O)NCC3C3)c(1CCOC)CCC12
53,Cc1ccccc1NC(=O)CN1CC1CC(O)C1
54,CC1CN(C(=O)CCn2ncc(C(F)(F)F)c2cnnc2C)CC1=O
55,CS(=O)(=O)N1CCN(c2cnc3c(c2)CCO3)CC1
56,CN(Cc1csnc1)C(=O)N1CCN(c2cc(F)c[nH]2)C1
57,O=C1CC2CCN1C(=O)N1c1ccccc(=O)c1
58,NS(=O)(=s1nc(O)cn1)c1ccnc(C2CCNC2)c1
59,COc1cc(C)ccc1NC(=O)c1ccc(C#N)o1
60,CC(C)CNC(=O)c1ccc(-c2n3nn(-c3cccnc3)cc2)c1
61,COc1ccc(NC(=O)C(=O)N2CCC(OC)CC2)c1
62,CCC(C)C(=O)N1CCN(C(=O)C(c2cccc(C)c2)C1
63,Cc1ccc(C)cc1C(=O)NCc1nc2n[nH]2cco1
64,CCCNC(=O)c1cc(C(=O)NCCc2csc3oc2=O)cc1
65,Cc1cnn2c(c1)C(NC(=O)Cc1cnnc2cccn1)c1
66,Cc1cccc(C2CCCN(C(=O)NC3COCC3)C2)c1
67,CSc1ccccc1Br
68,CN1C(=O)CCN(C(=O)c2cc(F)ccc2Br)C1
69,CCCc1nnnc(CCCCNC(=O)c2n3cc(c3ccccc3)n2)n1
70,Cc1ccccc1NC(=O)COC1CC(CC)(O)C1
71,O=C(CC#N)c1cc(-c2cccc(N3CC3)n2)cc1
72,CO)c1CCNC(=O)CCSc1n1cnn(-c1C
73,CCCOc1ccccc1NC(=O)c1nc(-c2ccccn2)nc1
74,C(=O)c1ccc(C2CN2C(C(=O)c3cccnn3)CC2)c1
75,CCN1CCN1CC(=O)N1CCn(Cc3ccccc3[nH]2)CC1
76,COC(=O)C1CCN(C(=O)Cc2ccn[nH]2)CC1
77,CCc1ccc2c(n(=O)n(-c3ccncc3)ccn2N)cc1
78,O=C(Cn1ccc(Br)c1)c1ccc(Cl)c1
79,O=C(Cc1nn2cccc2ccn1)Nc1ccccn1
80,O=C(Nc1ccccs1)c1nsc2ncnn2n1
81,COc1ccc(CCN(C)S(=O)(=O)c2ccco2)c1N
82,Cc1ccc(C(=O)N(c2ccccc2)CCN(=O)CC)c1
83,COc1cccc(NC(=O)N2CCOC(C(C)c3ccccc3)CC2)c1
84,Nc1cccc(Cc2nco2)c1
85,CSc1cc(NS(=O)(=O)COC(F)F)cc1
86,Cc1ccc(-c2cc(N3CC(C3)C(C)C3NC(C)=O)c2)c1
87,Cc1nonc1C1CCN(c1ccccc1)C(C)c1cnnn1
88,Cc1nn(C)c1C(=O)N1CNOC(c2ccc4ccccn33)CC1
89,Cn1cc(C(=O)NCc2ccc3n(c3cc(c4ccn3)nc4o3)nn2)cn1
90,O=C(Cn1ccc2ccccc2c1F)Nc1cc2ccc(F)c2nn1
91,CNc1ccc(C(=O)CN2CCN(C(=O)c3cc(F)cnc3)C2)c1F
92,O=C(Nc1ccsc1)NC(F)c1cc2c(c1)CC2
93,CCN(Cc1cccc(F)c1)S(=O)(=O)N1CCC(C)CC1
94,O=C(CC1CCC1)C1c1cccc(N2CCCN(C2)C2c2ccoo2)c1
95,N#Cc1c(NCC(N)=O)[nH]c(C(=O)NCC(C(C)(F)F)C)c1
96,COc1ccc(C(=O)NCC(=O)C2CCCCC2)c1
97,CCn1cc(Oc2ccc3[nH]nnn3ccn23)cc(=O)n1
98,O=C(Cc1nnc(-c2ccccc2F)c1)NCC1CC1C1
99,C=C(=O)N1CCN(C(=O)Cn2cccn2)C1(C)c1cnnn1
100,COCc1cc(N2CCC(=O)NCOC2)cc1
101,C(=O)c1ccc(-c2ccc4n(s2)nn3cc2=O)cc1
102,Cc1ccc(C(C)=O)on1-c1cc(Cl)c(F)c1
103,CCN1CCCCN(C(=O)S(=O)(=O)c2ccccc2)C1
104,CCc1nc(SC(=O)(=O)NCCNC(=O)c2ccc(F)cc2)cc1=O
105,Nc1cc(C)c(C(=O)NCCCCO)cc1)c1ccnn1
106,CCNC(=O)c1ccc(N(C)C(=O)NCC((C)(F)(F)(F)F)c1=OC
107,CC1CCN(C(=O)Cc2ccccc2)CCN1C
108,CCC(=O)NC(C)c1nc2nc(C(=O)Nc3ccccc3)nc2s1
109,CNc1cccc(C(=O)NCc2ncc(-n3ccn3)oc2)c1
110,Cc1ccco1CNC(=O)c1cc(N2CCC2=C)cc1OC
111,CN(Cc1ccccc1)C(=O)OCCOC1(C)CC1
112,COc1cccc(OC)c1NCC(=O)N1CCCN(C(N)=O)C1
113,COc1ccc(C(=O)NCCCN1CC(=O)c2ccccc2)cc1
114,Cc1cc(C2CCC2N(c3cccc(Cl)c3o2)CC)cn1
115,COCCCN1CCN2C(N(c3nnnc3C3(C)CC)CCO3)C21
116,NC(=O)c1cc(-c2nc3ccccn3c2C)cc(N)n1
117,CN(C)C(=O)CN1CCN(c2ccc(OC)c2)CC1
118,Cc1ccc(CC(=O)N2CC3CCC(NC(=O)C3)CC3)cc1F
119,CNC(=O)c1ccc(C(=O)N2CCC(N3C(c4cccn4)C3)CC2)c1
120,CNS(=O)(=O)Cc1ccc(-c2nc(C(=O)N4CCC(F)n3)c1
121,O=C(CCC(=O)c1c[nH]c2ccccc21)c1cccc1
122,COc1ccccc1N1CCN(C(=O)c2cnn(C)c2C)CC1
123,COc1ccc(CNS(=O)(=O)c2nc3cccccc33n2)cc1
124,CC1CCN(c2ccccc2)CCN1C(=O)n1nN1nc2ccn1
125,COCCCN(C1CCCC1)CN(CNC(=O)c1cc(F)cc1)C1
126,O=C1NCC(OCN(C)C(=O)Oc2ccccc2)c1cccc1
127,Cn1nc(CN2CCN(Cc3cnc(C)cc3F)C2)c(O)n1
128,NC(=O)c1cccc(OCCc2ccccc2N)c1
129,CCS(=O)c1ccccc1C(=O)N(C)c1ccnc(Cl)c1=O
130,CCN(CCCc1nnc2c1cccn12)CC(=O)N1CCC1
131,Cc1ccc(SC(=O)=O)cc1OC(=O)NCCC)c1ccco1
132,Cc1nc(CCNc2nnn2-c2ccc(Nc3ccccc3)c2)s1
133,Cc1ccc(CS(=O)(=O)N(CCC)C)s1
134,CC1CCN(C(=O)COc2ccccc2S(=O)(=O)NC)CC1
135,CC(C)NC(=O)CC1(N)CC1(=O)Nc1cnc(-c2ccccc2)c1
136,CC(C)Sc1nnc(N2CCC1OCO2)n1CC(C)C1
137,CCOc1ccccc1C(=O)N(C)c1ccc(Cl)c1
138,Cc1ccc(NC(=O)n2c(c3cccc4nc(C)nc4C4)ns3)cc1
139,Cc1nc(C(=O)c2cccc(OC(F)(F)F)c2)ccc1F
140,O=C1NC1CN(Cc2ccccc2)C12CC3(C#N)CCCCO1
141,O=C(NC1CC2CC1=C2)C2(C(=O)O1(CC1)CCC1)CC2
142,O=C(c1ccc(-c2cc(Br)cc2)n1)C1CC=O
143,O=C(Nc1ccc(F)c(F)c1Nc1ccs1)N1CCN1
144,Cc1cnn(C2CC2C(=O)N(CCC3CCCC3)CC3)c1
145,Cc1cccc2c(c1)OC(C)NC(=O)Oc1ccc(F)c1
146,Cc1ccc(Br)c(N)c1OC(=O)N1CCCCC1
147,CN(C)c1nc(NCOC(=O)Oc2cccc(F)c2OCl)s1C
148,COCCCc1nc2ccc3nccn2s1
149,N#Cc1ccc(-c2nnc3ccnn24)c1)c1
150,Cc1nc(C)c(NC(=O)CNC(=O)c2ccccc2O)cc1=O
151,CCCOC1CCCN(C(=O)N2CCCN(C(=O)c3ccccc3)C2)C1
152,CCNC(=O)c1cc(F)c(Cl)cc1
153,CCOCCCOc1ccc(NC(=O)c2nc3ccc(F)cn3[nH]2)c1
154,CCc1cc(Cl)c(N(C)S(=O)(=O)c2cccc(C)c2)c1
155,Cn1ccnc1CN1CCN(C(=O)c2cc=O)CCN(C)C(O)C
156,COc1cccc(NC(=O)N2CCN(c3ccccn3)CCN2)c1O
157,CC(C)c1c[nH]nc1C(=O)NCC1CCC1C1
158,CCC(C)NC(=O)Nc1ccc(Nc2ncnc3c2c1)c1
159,CN(c1ccc(F)c(F)c1F)C(=O)N1CCCN1
160,O=C(Cc1nc2c(c1)S(=O)(=O)c2ccccc2)c1cccc1
161,C#CCNC(=O)Nc1cncc(-c2ccccc2F)c1
162,COc1cccc(C(=O)Nc2nc3c(cn(C)cc4ncc34)n2)c1
163,COCC1CCC1N(Cc1ccnc2c(-c1ccccc1)nc1=C
164,COCCNC(=O)Cn1cc(C(=O)NCc2ccnc3cccc23)cn1
165,COCc1ccsc1S(=O)(=O)c1cc(F)c(F)c1
166,COc1ccccc1OC(=O)NC(C)CN1CCCOC1
167,Cc1cc(C)cc(NCC(=O)N2CCC(CC)CC(C)C2)c1
168,COC(=O)CN1CCCC2C(CN)=Oc(c2cccc(N(C(F)])c3)ncc21
169,NC(=O)c1ccc(Cn2nc3cccn3s2)c(C)c1
170,CCN(CC)c1n[nH]c(=O)[nH]11CCCC(=O)N1C1
171,COc1ccc(CC)c1CNC(=O)C1CC(N)=C1
172,CCC(=O)c1ccc(S(=O)(=O)NCC(C)(C)o2cnn2)cc1
173,Cc1nn2nn2n(CC(=O)Nc3cnccc4s3)c3c2c1C
174,CCCCN(CC(N)=O)S(=O)(=O)c1cc2nc3c(c3cccn3)nc2c1
175,CNC(Cc1cnc(F)n1)c1c(CN2CCCC2)ccc1O
176,CN(CC(=O)CN1CCN(C(=O)N2Cc3ccccc3)CC1)NF
177,CCN1CCC(C(C)(=O)N(c2ccccc2)CC1)c1cccc1
178,CN(CC(=O)c1ccc(F)cc1F)NCc1cc(F)ccc1
179,O=C(NCc1ncn(-c2nn[nH]3c3cc(=O)sC3)o1
180,COCCNC(=O)CC(=O)c1nc(C)s1
181,CCNC(=O)OC(=O)c1ccc(CN(C)C(=O)C)c1
182,COc1cc2c(c1)CCN(C(=O)NC(=O)Oc1cccc(F)c1)CC2
183,C#Cc1ccccc1NC(=O)OC(C)c1cccc[nH]1
184,COc1ccccc1NC(=O)CSc1nnccn1C
185,Cc1ncc(C(=O)N2CC(C(=O)N(Cc3ccno3)CC2)c1N
186,CCN(CCC)C(=O)c1ccc2c(c1)C2
187,CCN(CC(=O)c1cccn1)c1nc(=O)c2ccccc2n1C
188,O=C1C2CC(=O)N(Cc2ccncc3cn23)cnn1N
189,Cc1[nH]c2ccccc12c1OCCCO2
190,CC(=O)Nc1ccc(C(=O)N(C)c2ccc()cc23C)n1
191,O=N(CCc1cc(F)c(Cl)cc1)c1ccc(F)c1
192,Cc1ccc(OCC(=O)N2CCC(Oc3cc(C)ccc3)CC2)cc1
193,COc1ccc(-c2sc(C)cn2)n1-ccn[nH]1
194,O=C(NCC(=O)C1(C)C1)C1CC2C(N2C(=O)CC(N(c3c)cco2)CC1)CO1
195,Cc1ncc(C(=O)NCCCc2ccnc2)n1
196,CCC1CNC(=O)N2Cc3c(ccc3S(=O)(=O)cccc3n2)CC1
197,O=C(Cc1cc(Cl)c(F)c1F)Nc1ccc(Cl)c1
198,C=CCN(C)C(=O)COc1ccc(F)cc1F
199,CCNC(=O)c1cnc(C(=O)NCc2cnnc3c2c2c(C)CC3)n1
200,NC(=O)CC(COc1ccccc1)c1cnc(NC(=O)c2cn[nH]c2)s1
201,Cc1ccc(NC(=O)OCCc2nnnc3c(c3Cl)s2)n1
202,COC1CCC1CN(S(=O)(=O)NC(C)C#c1nc(C)n1)CCC1
203,CCOCCN1CCCN(C(=O)c2cc(C)c(C)c2)CC1
204,O=C(Cc1cccc(Br)c1)n1cnnn1
205,COc1c(C)ccc1NC(=O)C(=O)N1CC(C)CC1
206,CCS(=O)(=O)c1cc2c1)N(CCCOc1ccccc12
207,CC(COc1cc[nH]c1NC(=O)c1cn1)c1n[nH]c2cc(c1)O
208,CCOCCCNC(=O)N1CCN(C(=O)c2cccc(Cl)c2)C1
209,Cc1ccc(N)c(C(=O)NC(=O)Nc2ccnc(C)c2)c1
210,CC(=O)NCc1nc2nc(Br)cc2ccn12
211,CCOCC1CCCC2NC(=1)C(c1cccco1)C1
212,Cc1cccc(NC(=O)c2cccnc2)c1
213,Cc1[sH]c(=O)[nH]c1CC(=O)N1CCC1C1
214,Cc1nc(C)c(C(F)=O)[nH]c1-c1ncc2cc(Cl)n12
215,CCCCN1CCCc2nccc3nn2C2(C)C1c1cnccc1
216,O=C(COCc1cccc(F)3(c1)CO3)N1CCCC1
217,CCC(=O)OC(C)(C)C(=O)Nc1cnnn1-c1cccc1C
218,Cn1c(C#N)nc(CN)c1NC(=O)c1cccc(C(=O)n2ccnc2)c1
219,Cc1n[nH]c2nc(=O)c(CCC(=O)NCc3ccccc3F)ccc21Br
220,NC(=O)c1ccc2[nH]c1CN1CC(=O)c1ccc(F)[nH]c1
221,COc1ccc(NC(=O)N2CCCN(c3ncnc3CC3=O)CC2)cc1
222,CC1(C)CN(Cc2nnn(C)n2)CC(=C)C(=O)N1CCC1
223,CCNc1ncc(H]c1NC(=O)CCN(C(=O)c1ccccc1)(C)C
224,Nc1cc(-c2nnc3nc(C4cc4ccc(-c43)c(=O)nc3)cs2)ccc1
225,CC(=O)c1ccc(S(=O)(=O)c2ccc3csc3C)n1
226,NC(=O)N1CCC2CN(C(=O)CC3C(O)CC3)C=C2CCO1
227,CCc1ccc(C(=O)N2CCCN(c3ncccc3)CC2=O)cc1
228,Cc1noc2c(CC(=O)CCN(-c3ccccc3)cc2)n1
229,CFc1cc(C(=O)Nc2cc(CC(=O)N3CCC3)cc2)n[nH]1
230,CCOCCNC(=O)NC1CCOC(C(=O)C1)c1ccc[nH]1
231,CN1CCN(C(=O)c2ccc(s2)C2)c2[nH]cn2c1
232,NC(=O)CCc1ccn(C(=O)C2)[nH]c1C
233,Cc1nn(CCC(=O)OC2CCCC3)n1-c1cccc(F)c1
234,Cc1nc2c(n1)S(=O)(=O)(=O)c1nc(-c1ccccc1)N2
235,O=C(COCc1ccc(Nc2cc(Cl)cn2)c[nH]1)NC1CCC1
236,Cn1nn(C)c(=O)c2c(nc3c3c(c1)OCCC4)nc2C
237,O=C(c1ccccn1)N1CCCN(n2ccc3ncn(=O)c3cn3c3[nH]2)C1
238,CNC(=O)c1ccccn1-n1c2nc2ccccc3[nH]12
239,COC(=O)c1ccc(C(=O)N2CCC(C(C)CC)CC2)c1
240,CCOc1ccc(NC(=O)c2ccc3[nH]c3cc(C)cc3n2)n1
241,c1cccc(Cl)c1NCc1cccc1N
242,Nc1cn(-c2cccn2)cc1C(=O)N1CCCO1C(C(=O)N)CC(O)C
243,NS(=O)(=O)c1cc3cccnc3c1C(O)=O
244,CC(=O)c1sc(C)c(CC(=O)NCC2CCCCC
245,N#CCNC(=O)c1ccccc1CN1CCC1CC1
246,CC1CN(C(=O)c2ccc(-c3ncnc4c3[nH]c3)co2)CC1
247,CCOC(=O)CN1CC(=O)N(CCc2ccccc2F)CC1
248,CC(C)Oc1cc(C#C=C#N)c(C(=O)N(C)C)c1C
249,CCCCOc1cccc(N(C)C)c1C(=O)Nc1ccccc1
250,CCSc1nn2nc3c(C)nc(C)c(=O)c3c1=O
251,CCOC(=O)CC1(C(=O)NC(=O)Cc2cncn2)CCC1
252,O=C(Cn1ccsn1)(C1CCC1)c1nc2cccc(=O)c2c1
253,O=C(NCCS(=O)(=O)N1CCCCC1)c1ccc[nH]c1
254,CCCOCCC(=O)C1c1cccc1
255,Cc1ccc(OC2CN(C(=O)c3cccccc3O)CC2)cc1
256,COC(=O)c1n[nH]c(N2CCC(=O)C2CCC2)c1C1C
257,CC(C)c1ccnc(NC(=O)c2cccc(C#N)c2)c1
258,Cc1cn2nnnc3n1c1nccc1-c1cc(F)cc1
259,CCCCCN1C(=O)N(C(=O)c2cc(C#N)cc(F)c2)C1C
260,COC(=O)C1=CCN(C)Cc2ccc(Oc3ccccc3)o2)C1
261,CCCNCC(=O)c1cccc(C(=O)N2CCC(C)C2)c1
262,Cc1nn(Cc2nc(C(N)=O)c3ccccc33[nH]cc2=O)c1
263,O=c1c(C)c2c(c1)C1C2CCCC2n(=O)c1cccc1F
264,Cc1noc(CCOc2ccccc2)c1CO
265,Cc1ccc(C(=O)Nc2cc4c(n2)CCC3)[nH]n1
266,CCN(C)C(=O)C(C)c1ncn2ccnnC2c1cccn1
267,Cc1nnc(C(=O)NCC(=O)c2cc[nH]2)c1C
268,Cn1ccc1C(C)Nc1ccc(C(C)(=O)NC2CC2)c1
269,CCCNC(=O)CCNC(=O)Nc1ccc(Cl)cc1
270,O=C(Nc1cccs1)NCc1cnnc2c(c1)CC2
271,O=C(CNc1ccc(Br)cc1)c1ccnc1Br
272,Cc1ccsc1C(=O)NCC1COC(=O)n2cnc(C)c2C1
273,C#Cc1ccc(OC)c1CCNC(=O)N(c1=O)CCC1
274,COCCCNC(=O)CCC#N
275,Cn1nc(C(=O)N2CC3CC3CN(C(=O)n3cnccc34)CCC2)cs1
276,COCCCN(C)C(=O)c1ccn(S(=O)(=O)c2cccc2)c1
277,CC(=O)Nc1cccc(N2CC(c3ccc(F)cn3)CC2)c1
278,O=C(c1ccnc1)N1CCCc2ccccc21
279,CCCNCc1cnn(NC(=O)c2cccc(F)c2)c1
280,COCCCN1CCN(C(=O)c2cccn2)CC1
281,Cc1oc(C)nc1S2(=O)(=O)NCC2(C(=C)CCC2)C
282,CCOCCC(=O)NC(=O)CC(Oc1ccccc1)C1CCC1
283,COc1cc(C)c(S(=O)(=O)c2ccc(Br)n2)cc1
284,COCN1CCCCN1C(=O)C1Cc1cnc2nccnc2c1
285,CCOc1ccccc1CNC(=O)CC1CCC(N#N)CC1
286,O=C(OCCSc1ccc(F)cs1)NCCO1COC1
287,CC(=O)N1CCC(NC(C)=O)C1c1cc(F)c(F)c1
288,CNc1cc(-c2ccccc2N)c(C(=O)c1cs(-c2cccc2)n1)cc1
289,N#Cc1cccc(NC(=O)c2cnc(-c3ncsc4nc3nc3)c2)c1
290,NC(=O)CSc3ccccc(-c3nnnc3)c2c1
291,Cc1oc(C)c(C(=O)N2CCCCC2C)c1C(=O)OC=O
292,O=C(Nc1ccc(Br)cc1)c1ccccc1F
293,Cc1n[nH]cc1CCOc1nc(C(=O)N2CC(C)CO)o1
294,Cc1ccccc1CC1CN(C(=O)Nc2ccc(NC(C)C)[nH]2)cCC1
295,Cc1cc(COc2ccccc2)nn1
296,CC(=O)Nc1nnc(N2CCCC(CN3CCC3=C)CC2)S1
297,CCOCCC(=O)COc1ccc(C(N)=O)c(OCC)c1
298,O=C(N)c1ccc(OCc2ncc(C(F)(F)F)n2)cc1
299,CCn1nc2nc(=O)c(N(C)Cc3cccc(F)c3)cc2n1
300,C=CCNC(=O)c1noc(-c2ccc(F)cc2F)n1
301,CS(=O)(=O)c1ccc(CNC(=O)c2ccccc2)nc1C
302,CNC(=O)C1CCNc2nc(C3CCOC3)n2c1
303,COc1cnoc1C1CCN1C(=O)c1ccccc1
304,CCOc1cc(Cl)c(C(=O)N2CCN(C)C(N=O)c3cccc32)c1
305,Cn1cccc(CN2CCNC(=O)c3ccccc32)c1
306,Cc1cc(C(=O)N2CC(C(=O)N3CCCC3)C(C)C2)cc(C)n1
307,CCOC(=O)c1ccc(C(=O)NC2CCCC2)c1N
308,Cc1ccc(C(=O)NC(=O)c2ccnn2)c1
309,CC(C)(C)=O)c1ccc(C(=O)Nc2nn(CC)n2cccc12
310,COC(=O)c1nc(CCOc2ccccc2F)cn1
311,CCN(CC)c1ccn(N2CCN3CCCCC32)n1
312,Cc1noc(CCCC(=O)Nc2ccc(OC(C)F)c2)s1
313,CCN1CC(C(=O)NCc2nc(-c3ccccc3)s2)CC1
314,O=C(Nc1cccc(NC(=O)c2ccc(-c3ccnc(C#]3)o2)n1)c1
315,C=CCCN(C)C(=O)N1CCN(c2ccccc2)C1=O
316,COCCNC(=O)CNC(=O)c1cc(C(=O)NC2CCC2)cc1
317,COc1cc(NC(=O)C(C)N2CC(CC)(=O)CCC2)c(C)c1
318,COCCNC(=O)c1nc(C)cc1C1CN(C1CCC1
319,CCCCOCCC1NC(=O)CN(c2noc3c2ccccc23)CCC1
320,CCC(C)NC(=O)CNN1CCCN(C(=O)c2nnc3cccc3c2)C1
321,O=C(Cn1ncc(-n2cccc2F)cc1Cl)c1ccnc1
322,COc1cc(C)ccc1NC(=O)Cc1nnn1
323,CC(C)cc1nn(-c1ccn(-c2cccc2)n1)n1cc(F)cc1
324,COc1ccc(NC(=O)C(=O)c2cccc3s2)cc1C2
325,CN(C)C(=O)C1CC2N(c3c(cc3cc([nH]4c(C(C)=O)n4)C3)CC2)C1
326,Cc1ccc(C(=O)N2CCCN(C(=O)c3ccccc3OC)C2)[nH]1
327,-Cc1csc(CCOCOc2ccc(F)cc2)n1
328,C=CCNC(=O)NC1(C(=O)NCn2ccn(Br)c2)C1C1
329,CN1C(=O)c2ncc(C(=O)Nc3cccc(N4CCC4)s3)C2C1
330,Cc1cccc(S3CCN(C(=O)O)Cc3cc4ncccc33C)[nH]1
331,O=C(C1C1)Cc1ccncc1N1CC(C(N)=O)2
332,O=C(Cc1ccc(Cl)c1)NCn1ccn(-n2ccnc2)c1
333,COc1ccc2c(c1)CC(=O)N(C)C(=O)N3CCCC1NCC2
334,O=C(ONc1ccc(F)cc1)N1CCN(C(=O)c2c[nH]c2)CC1
335,CC1CCC(=O)NCN1C(=O)N1Cc1ncnc(C#N)c1
336,CCC1CCCN1C(=O)CC1CC(C)N1C(=O)CS1=O
337,Cc1cc(F)cc(N2CCN(c3cccn3)CC2)n1
338,Cc1cccc2cc2n(CcN(C)O)cn1
339,Cc1ccc(C(=O)NC2CCN(Cc3nnc(CCC4CCO=O)n3)C2)cc1
340,O=N(CC(F)(F)(F)F)C1(c2ncn[nH]2)CCC1=O
341,Cc1cc(CCCC)cn1C(=O)N1CCC1CC1=O
342,CCCOc1ccc(CNc2nc(C)nc3nn3c(C)ccn23)c1
343,Cc1ccc(CN2CCN(C(=O)C3CCC(N4)ccccc3)C(C)C2)c1
344,COc1ccc(C(=O)Nc2ccc3c(c2)CO3)c1
345,CC(C)C(=O)N1CCN(C(=O)C2CCCOC2)CC1
346,O=C(Oc1ccnn1)N1CC(c2cc3ccccn3c(F)c2=O)OC1
347,CCCNC(=O)Cc1nnc(Cc2ccnc2)n1
348,COCCCCN1CC(=O)c2cc(NC(=O)C3CC3)n2C2n1
349,COCC(=O)NC1CCCN(S(=O)(=O)c2ccccc2)C1
350,CC(C)CN(CC1CC1)c1cccc2c(c2c(=O)CCO3CC3)c1
351,COC(=O)c1ccc(C(=O)NCCCc2ccccc2)cn1
352,CCOCCNC(=O)c1ccc(OC(=O)Nc2ccc[nH]2)cn1
353,Cc1cccc(N2C3NC(C(=O)NC3CCC3)CC2=O)c1
354,O=C(Nc1ccc(F)nc1)N1CCc2cc(F)cn2C1
355,COc1cc(C(=O)N(C)C(C)c2c(-c3ccccn3)nn2)cc1
356,O=C(NCc1cccn1)NC(c1cnc(F)c1)C1CC1
357,COCCn1cc(-c2cc(F)cc2F)cn1
358,Cc1ccccc1OC(=O)C(C)Oc1ccccc1O
359,O=C(NCc1ccnnc1)c1ccc(-c2cccnc2)c1
360,CC1C(C)C(=O)n2nc(CN3CCCCC3C2)n1
361,CN(C)C(=O)Oc1cc(C(=O)N(C)C(C)N2CCCC2)c1
362,COc1ccc(C)c(N2CCC2CN2C(=O)C2)c1
363,COc1ccc2n(C)c(N3CCC4)n(-c3ccnccc3)c1Cl
364,COCCSc1noc(C(=O)NS(=O)(=O)c2ccccc2Cl)c1=O
365,Cn1nn2sc(C(=O)NCc3cnc4cc(=O)ccc4nc3F)c2cc1C
366,Nc1ncc(Br)cc1OCCCN1CCO1
367,O=C(NCCC1CCC1)Nc1c(Cl)ccc1Cl
368,CCCn1nc(-c2cc[nH]2)c2ccccn2n1
369,COCC(=O)C1CC(N(C(=O)c2cnc3ccc(n3)[nH]n3)C1)CCC1
370,CNC(=O)N(C)C(=O)CN1CCC(C)CC1Oc1cccc1C1
371,Cc1coc2nc1C(C)c1cc(C(=O)NCC2CCC1)n1
372,Cc1ccc(-c2ncn(-c3ccn(N)c4c(=O)ccn4o3)c2)cc1
373,COCCSc1nnc(CNc2ccccc2OC)n1
374,N#Cc1ccc2c(c1)NC1CCCN(C(=O)N1C)CCC2
375,COCCCn1nc(-c2cccc(OCl)s2)n1
376,O=C(COc1ccc(F)cc1)N1CCCN(c2ccccc2)C1
377,Cc1cc(C)cc(CNS(=O)(=O)NC2CCCC3)c1
378,O=C(NCCc1ccccn1)c1ccc(CN2Cc3ccnc3=O)n1
379,CSc1nnnc1Nc1cc#C2OCCC2N
380,O=C(CCCC1CC1)N1CCCN(C(=O)c2ccccc2)CC1
381,CCCNC(=O)c1cc(=O)oc1-c1nc2c(c2cc(Cl)n2)c(C)n1
382,Cc1nc(N2CCCCCC(O)C2)cn1)c1csc1
383,CN(C)C(=O)CN1CCCN((c2nsc2Cl)CC1)C1
384,CCCCNC(=O)N(C1CC1)c1cc2c(s1)C2
385,O=c1sc2cnc(Cc3cccc(Cl)c3)c2c1C
386,O=C(Nc1ccccc1)c1ccc(Br)c1F
387,O=C(NCc1ccsn1)CC1CCN(c2ccc(F)cn2)CC1
388,COc1cc(F)c(C(=O)Sc2cn(C)c3[nH]2)c1
389,CCCNC(=O)CC1c2cc(c1)CCO2
390,CCCN(CC(=O)NCC1CCC1)c1nc2c(c1)OCCC2
391,COc1cccc(NC(=O)C2CC(C)(CN4CCCC3=O)C2c1)c1
392,Cc1csc(NC((=O)c2ccc(F)c2F)c1OC
393,Cn1cc(C(=O)Nc2nc3cc(s3n2)C3NCCc2cccc3)4n1=O
394,O=C(c1cccc(N2CNc3nnnc3-n2c3cccnc3)c1
395,NC(=O)c1cc(CN2CCC2=O)cn1C(CC2CC1CC2)O
396,O=C(CCC(=O)c1ccccc1F)c1occn1
397,CNC(=O)NC1=CN2CCN(C(=O)c3cccn3)CC2CC1
398,Cc1cc(N(C)c2ccco2C(=O)C)nn1C1CCCN1
399,COc1cc(F)c(Br)cc1S(=O)(=O)NC(F)(F)F
400,Cc1oc(CC)c(=O)[nH]c1NCSc1cccc1
401,COc1ncccc1SC(=O)N1CNC(=O)c2ccc(C)c2C1
402,CCOCc1ccc(N)c(C(=O)C(=O)N(C)C)c1
403,CC(=O)N1CCN(C2=CN(c3nnccc4cs4CC4)C2)CC1
404,CCCC(C)c1nc(-c2ccc(OC(O)=O)o2)n(C)c1
405,CNC(=O)c1cccc(C(=O)NC(=O)C2CCC2CCCC2)c1
406,CCOCCOc1cccc(C(=O)NC(=O)CC(C)C)c1
407,Cc1n[nH]c(CCC(=O)NC(=O)c2ccc(C)c(C)c2)c1
408,CCn1ccc(CNC(=O)c2ccccc2O)c1N(C)C
409,COc1ccccc1NC(=O)N(C)C(=O)CC1CC(C)C1
410,CCOc1cnnc(-c2nnc3c(c1)C3)OCCCN3=O
411,O=C(Nc1ccccc1Cl)c1ncnc1CC1CC1
412,COCCN(C)C(=O)COc1cccc1F
413,COc1ccc(OCC(=O)N(C)C)cc1Cl
414,COc1cc(C)c(ClSc2cccc2)c1
415,COc1ccc(C(=O)CN(C)CCCC(=O)C)cc1
416,CNC(=O[r)c1ccc(NC(=O)c2cccc(F)c2F)n1
417,COCCN(Cc1nc(Cl)nc1)c1cccc1Cl
418,O=C(c1cc(F)ccc1F)N1COc2cccc(C#N)c21
419,CCCO1CCC(NS(=O)(=O)c2ccs2)CCC1
420,Cc1ccc(C2CN(Cc3nc(O)ccc3F)CCO3)cc1
421,CN(CCOc1ccccc1)C(=O)N1CC(OCO)C(OC2)C1
422,O=C(CSc1nc2ccccc2[nH]1)Cc1cco1
423,Cc1ccc(C(=O)N2CCC(C(=O)N(C(C)C(C)C)CC2)cc1
424,Cc1ccccc1NC(=O)N1CC(c2cc2)CN1CC(c2cco2)C1
425,COc1cc(O)c(NCC(=O)N2CC2)c1OC
426,CCCCN(C)C(=O)c1nnn(-c2cc(CCl)cc2)c1=O
427,O=C(c1ccc(F)c1)NCc1nc2nncc3c1c1ccccc12
428,COCCCCN1CCCC2C(-c3nc(C)no3)CC2C1
429,Cc1ccc(C(=O)NC(=O)N(C)CC)cc1
430,Cc1cc(C)c2c(Br)c(=O)ccc2n1
431,CC(NC(=O)c1ccnn1)C1(C(=O)NCCOCCC(C)O2CCCO2)C1
432,CC1CCN(C(=O)CC(O)c2cc(F)ccc21)c1cc(F)c(F)O
433,O=C1CC(N2CC2(CCN(c3ccccn3)C2)Oc2cnncn2C1
434,COc1cc(C(=O)c2ccc(Cl)c2)n(C)nn1
435,CCOc1ccc(NC(=O)CNc2cccc3cc(c2C)CO3)cc1
436,C[c1ccc2c(n2CC(=O)Nc1cccc1F)C(N)=O
437,COOCC1CCCC1c1c[nH]c(=O)c1C(=O)N1Cc1ccccc1
438,COc1ccc(CCNC(=O)N2Cc3nc3c(c3ccnn4)n3)cc1
439,COc1ccc(N)c(N2CCN(C(=O#O)Cc3ccccc3)C2)c1
440,CCC1CCN(C(=O)2CCc3cc(Cl)cn3)nn2CC(C)CCC31
441,Cc1cc(C)cc(NC(=O)Nc2cc(-c3ccnnc3)cc2)c1
442,C#NCc1ccccc1C(=O)N1CC(Oc2ccccc2)CC1
443,COc1ccc(C)c1CNS(=O)(=O)NC1CC=O
444,CCN1CCN(C(=O)c2cc(S(=O)(=O)=O)cc3cccc3c2)CCC1
445,Cc1ccccc1CC1CCNC(=O)c1ccc(F)c(Cl)n1
446,NC1CC(C(=O)NCc]c2cccco2)CC1C1
447,Cc1ccccc1N1CCC2C(CN3C(=O)C3CC3)C(C)CC2
448,COc1cccc(N2CCNc3ccc(F)cc3F)c1
449,CC1C(C)(C(=O)NC2OCCCOC2)C1C1C1CC1CCN1
450,CC1CN(C(=O)c2ccc(F)cc2)CNC(=O)c2cc(C)ncc21
451,COc1ccc(-c2nc(C)c(NC(=O)NCc3ccccc3)n2)cc1
452,Cc1cc(COc21ccc(C(F)F)c(F)c2)oo1
453,Cc1cc(C)ccc1C(=O)N1CCc2[nH]c(O)c(Cl)c2
454,CCOc1cccc(OC(=O)OCc2ccc(OC)c2)c1
455,N#Cc1ccc(-c2ccc3c3c(c2)CCCC3)cc1
456,O=C(c1ccccc1)NC1Cc2nc(-c3ccccc3)nnc21
457,O=C(Cn1cnn2nnc(C3CCC(=O)N3CCC3)c1Cl)C1
458,CCOC(=O)CNC(=O)N1CCN(C(=O)Cc2cc(F)cc2)C1
459,O=C(c1cnc(-c2ccnc2)n1)N1CCCC1C1CCC1
460,COCC(=O)N1CCN((C(=O)c2ccccc2C)CC1(=O)N
461,Cc1ccc(-c2nc(C(=O)N3CCC3)n2)cn1
462,Nc1ccc(-1)n(C(=O)N(Cc2ccs2)cs1)n1
463,Cc1ccc(CSc2nncc(NC4CCC3)n2)nc1
464,CC(NC(=O)c1c(OC)ccc1)c1cccc2c1COCCO3
465,CCCn1cc(Sc2ncc3c(=O)c3ncc3c2)cn1
466,CSc1nc(CNS(=O)(=O)c2cccnc2)n(C)s1
467,COc1cc(F)ccc1C(=O)N1CC(Cn2ccccn2)C1
468,Cc1ccc(NC(=O)N(C)(Cc2noc3c(c3ccs3)CC3=O)c1
469,O=C1CC1(=O)Nc1ccn(N2CCCCCO2)c1
470,O=C(Nc1ccc(Cl)c1)Cc1cc(Cl)cn1
471,Cc1noc(C)c1C(=O)N1CCCCc2ccccc21
472,N#CCCNc1cccc(C(=O)NCOc2cc2)c1
473,CCCNC(=O)CCOc1cc(F)c(F)c1
474,O=C(NCCOc1cccc(-c2cccc[nH]2=O)c1)Nc1nnccc1
475,NS(=O)(=O)c1cc(2CN(CC3CCC3)ccc2c1)cc2cccc2
476,Cc1cc(Cl)ccNC(=O)NCCc2ccc(OC(F)F)[nH]2)cc1
477,COCCNC(=O)c1ccc(C#N)c1
478,CCC(=O)NCC(=O)N1CC1Cn1cnc(NCc1cccn1)cn1
479,COC(=O)c1cc(NC(=O)c2cc(-c3cncn3Cl)s2)cc1
480,Nc1ccc(Br)cc1F)c1nn2n1cc(C(C)C)cc2c1
481,CC(=O)Nc1cc(NC(=O)C(NC(F)F)Fccc1)ccc1OC
482,Nc1ccc(NCc2ccc(Cl)c2)n1
483,CCOc1cc(Cl)cc1NC(=O)N1CCN(c2ccc(Cl)cc2)C1
484,Cc1cn3c(c2c(=O)OCC3C(C3)CCCOCC4)cs2n1
485,Cc1cc(Cl)(S(=O)(=O)NCc2ccc3n(c3ccccc4[3)cc2)cnH]1
486,O=C(Nc1con(-c2cc3ccccn33)s1)N1CCCC1C1
487,COc1ccc(C(=O)Nc2ccnc2)cc1
488,CN(Cc1cccc2nc2c1n1)CC1C3CCC2n1(=O)CC1
489,COc1ccc(NC(=O)Cc2ccc[nH]2)c(F)c1C
490,C#CCCC(=O)c1cc(NC(=O)c2cc(Cl)cc2)cnn1
491,COCC(=O)COc1cc(C)c(O(=O))c(C)c1OC
492,O=C(CCCO)c1cc2c(c1)OCCC(=O)N3CCC3CC3)ccc2c1
493,O=C(c1ncnc(N2CC(C3=O)N3CC3)n1)c1cccc1
494,Cc1nnsc1CCNC(=O)NC1CCN(c2cccc2CO)n1
495,CCN1CCC(C(=O)NCC2c3ccc(F)cc4l)nn2N1
496,Cn1ccc(CNC(=O)CC(=O)N2CCC2(CC)CC2)c1
497,CNC(=O)NC(N(C)C(=O)Nc1ccccs1)c1nc2c(c1)cccc2c1
498,O=C(NCc1ncccn1)c1nncn1
499,C(CC)c1cccc(NC(=O)c2cccn2)c1
500,CCCOc1cccc(C(=O)Nc2n[nH]c3ccccc(=O)c33)c1
501,COc1ccc(OCCC1CC(=O)NCCCCC1)n1C
502,O=c1occc1NC(=O)c1ccc(-c2nccco2)n1C
503,CCN1CC(C(=O)N(C)C2(c3ccco3)CCC2)Cc1no1
504,CNC(=O)c1cc(C)nc1-c1ccc(OC)c1
505,O=C(NCCc1[nH]c(Cl)c2cccc(F)c12)NCOC1CCC1
506,COc1cccc(Cc2[nH]cc(NC(=O)C3CCOC3)c2c1
507,Cc1ccc(C2=O)n(CC(=O)N3CCCC(c3)CC3)n2ccc1
508,CCC(=O)c1c(C)cc(NC(=O)CC2CCCC2O)c1
509,CNc1nnc(CCC(=O)c2nnc3c(c2c1)C3)C2
510,NC(=O)c1n[nH]c(Br)c1=O
511,COc1nc(-c2cc(C3CCCN3CC3)c(Br)c2)cc1
512,COC(=O)C(Nc1cnc2ccc13CCC2)NC(=O)C1CCC1
513,CC(=O)CCNC(=O)c1ccn(-c2ccccc2)o1
514,Cc1ccc(NC(=O)c2cccc(F)c2F)cc1F
515,O=C(Cc1ccnc2c1)OCCCC2CC1
516,CCOc1cccc(-c2nnn(Sc3ccccs3)c2)c1
517,CCCN1CCN(C(=O)NC(=O)C2C(C)C
518,CCN1CC(C(O)=O)NC(C)(=O)c2ccccn2)C1
519,O=C(NCc1ccccc1)Nc1cccs1
520,CCn1c(CNC(=O)Cc2cc(F)ccc2Cl)c2ccccc21
521,C#CCNC(=O)c1cc(N)cc(C(N)=O)c1
522,CCCOc1ccc(C(=O)Nc2cc(F)cn2)cc1
523,O=C(COc1ccnc1F)NCc1nc(C(=O)NCC2CCCO2)cc1
524,CSc1ccc(N)cc1C(=O)C(OCc1cccc(N)n1)c1cccn1
525,CCCN(CC)C(=O)c1cccc(C(F)(F)(F)F)c1
526,CC(NC(=O)CSc1nnc2c1nccn2c1ccccn1)C1
527,CN(CCc1nnc(C)c1)c1ccccn1N1CCCO1
528,O=C(c1cc(O)ccc1)Nc1ccc(CC(O)Cc2nccs2)cc1
529,COc1ccc(OC)c2c(c1O)c1nn(-c1ncnc1)c1
530,CN(CCC1CCC1C1)c1cc(C(=O)N2CC2)cc1OC
531,O=C(Oc1ccc(O)c(Cl)c1)Nc1ccc(F)c1
532,NS(=O)(=O)C1NCCNc1nnc(CCC1)c1ccc(F)c1
533,O=C(Cn1csc(-c2ccc3cccc(3)n(C4)n23)s1
534,O=C(c1cccc(Cl)c1)NCN(CCC1(=O)N1CCCC1)C1
535,O=C(Cc1coc(C2CC2)n1)n1ncncCC1N1CNC(=O)C1
536,CCc1cc(C(=O)N2CCN(C(=O)c3ccccc3F)CC2)[nH]c1
537,O=C(-c1ccnc(Cl)c1)NCCOCc1ccccc1
538,CC(C)NC(=O)c1ccn2nc(CCC(C)=O)c12
539,O=C(Cc1ccc(F)c1)N(C(=O)Cc1noc2cccc2)CCC1=O
540,CS(=O)(=O)c1c(=O)ccc1Oc1(c1cccc(Cl)cc1)=O
541,CN(CCl)C(=O)NCn1cnc2ccccc12
542,COCCCNC(=O)c1ccc(F)c1
543,CC1CN(C(=O)Nc2cc(Cl)cc2=O)C1c1cccc1
544,O=C(COC(F)FC1)N1CCN2CC(NC(=O)c3nccc3C2)C1
545,Cc1ccccc11CCN(C(=O)NC(=O)c1ccc[nH]1
546,CC(C)NC(=O)NC1CCCO1)C(OC(c1ccccc1)C1
547,COc1cc(C(=O)NCC2CC2)nc(-c2cncn2)ns1
548,Cc1ccc(OCCCS(=O)=O)c1
549,CCCC(=O)Nc1c(C(=O)N2C(CC(C)C)nc2cccc(F)c1
550,O=C(CCC(=O)NC1CCC1)NCC1CCN1C(=O)(C1=O)C1
551,Cc1cc(C(=O)OC)cc1Nn1cc(C)c(C)n1
552,COc1cccc(CN[nH]c2ccc(NCC#N)n2)c1
553,COc1ccccc1NC(=O)NCC1C1CCCC1S1
554,CCS(=O)(=O)Nc1cc(-c2ccncc2)n[nH]1
555,CC1CCN(C(=O)C(c2ccc(C)cc2)CC1O
556,Cc1ccc(CN(C)C(=O)c2cc3c(c2)CCCO3)cc1
557,COc1ccc(C2(N)C(N)=O)c1C(=O)c1ccc(F)cc1
558,O=C(NCCc1ccccc1)C1CN(C(=O)Nc2ccccc2)C1
559,C=CCNC(=O)c1ccc(NC(=O)c2cc[nH]2)cc1F
560,CC)C(=O)c1nc(CN2CC(CC(N)=O)CCc3cccc3F)nc1
561,CC(C)c1nn(CCCNC(=O)c2ccccc2)cc1
562,Cc(N)c1nn[nH]c(Cc2ccccc22)c1OCC(=O)O1=O
563,Cc1nn(CC)c(C(=O)Nc2nc(CC3CCC3)c(O)n2)c1C
564,CC(C)C(C)Nc1cccc(NC(=O)c2cccc3c2)c1
565,COc1ccsc1NC(=O)C1CCN(C(=O)C(=O)COc2ccc(C)cc21
566,COC(=O)CN(C)c1cncc(NC(=O)c2ccccc2C)c1
567,CO=CCCC1CCCCN1C(=O)C1Cc1cc(F)c(F)cc1
568,CS(=O)(=O)CCCN1CCN(C(=O)c2ccn3c(sn3)CC3)C1
569,Cc1ccc(CC(N)=O)cc1Cn1cccn1
570,CCC-CNC(=O)Nc1ccc(N(C)=O)n1C(=O)c1cccc1
571,CCCNC(=O)N1CCCc2nccc3c12
572,CC(C)N1CC(=O)NCOc1cccc1N1CCC1
573,CCNC(=O)C1CCN(C(=O)c2nnn3ccccc3cn2)CC1
574,CC(=O)c1nnc2c(-c3cc(F)cc4c(F)ccc3[nH]2)n1
575,COC(=O)OC1CCCN1(Cc1nnn1CCC1)C1C2cc2c(c1)CC1
576,O=C(NCc1ccccc1)C(=O)N1CC(C1=O)N(C(=O)C1)CCC1
577,Cc1ccn(NC(=O)CN2CC(=O)c3cc(C(N)=O)nc3cc23)c1
578,Cc1cc(Cl)c(CN)c1OC(=O)OCOC(C)C
579,CC(C)COCNC(=O)CN1CCc2ccc3n(C)cc21
580,O=C(c1c[c[nH]c2cccc(F)c12)NCC1CC(=O)OCCC1
581,CCCCNC(=O)c1cc(Br)c(C#N)c1
582,O=C(c1ccccc1)NCCC1CCC1c1ccncc1
583,COC(=O)C(NC(=O)C1(C)(C)C(=O)N(C)C)C1CC1
584,NC(=O)NC1CC(=O)c2ccc(=O)[nH]2)C1CCN(C(=O)c1C
585,3nc2cnc(-s3c(=O)nc(C)c4cccc4n14)CCC2
586,O=C1NCCC(=O)N1CCC1c1cccc(F)s1
587,F=C(C(=O)Nc1ccoc1C(F)(F)F)c1cnc2cc(F)ccc2cc1
588,COC1CCC1(=O)c1csc(-c2nnc3cccc(F)c3n2)c1C
589,Fc1ccc(NC(=O)NCCN2CCC1)c1ccc(F)c1
590,O=C(NCC1CCc2n(Cc3ccncc4cc23)CC1)1
591,CCn1cc(C)c(Nc2ccc3nc(CCC(=O)N3CCC3)cc2)c1
592,COc1ccccc1CCCNC(=O)COC
593,CCc1ccc2n1CC(=O)NCCC1CC(=O)c1ccc(C)c1F
594,CN(CCc1ccc(S(=O)(=O)=O)cc1)C(=O)c1cccc1
595,Cc1nc(C(=O)N2CCCC3(N)c3ccccc3Oc2)cs1
596,Cc1nn(NCc2cc(C(=O)N3CCC)s2)c(C)c1Cl
597,COc1ccc(-n2cc(OC)s2)cc1OC
598,COc1ccc2oc(C)c(C#C)cc2n1-c(C)n1ccccc1=O
599,Cc1nc2cc(O)c(CC(=O)NC(C)C)o2c1N
600,CC(C)C(=O)N1CC1(c2ccc(C(F)(F)F)cc2)C1=O
601,CC(=O)NCNC(=O)Cn1nnnc(-c2ccccc2)n1
602,CC(C)OCCO=C(=O)N1CCC(C(N)=O)c1ccc(F)c1
603,Cc1ccc(C)c(C(=O)NCC2C(C(=O)NC3CC(N)CC3)CC2)n1
604,COc1cccc(C(=O)NCc2ccc3c(n2)CCO3)c1
605,CCC(c1ccccc1)C(=O)N1CCN(c2ccn3ccnc3c2)C1
606,Cc1ccc(-c2ncnc(-c3cccco3)o2)cc1
607,CNC(=O)CCN1CCN(c2cccnc2F)C1=CC
608,CCOC(=O)N1CCc2ccccc21
609,CNS(=O)(=O)c1c(=O)occ1CCc1c[nH]c[nH]1
610,Cc1cc(CNc2cc(C(=O)C(O)C3C)o2)ccc1
611,COc1ccc(Cl)c(-c2ncnc2C)c1
612,CC(C)C(=O)Nc1ccn(NC(=O)c2ccc3ccccc3s2)c1
613,CCN(CCn1cc(C#N)cc1F)C(=O)N1CCC1
614,NC(=O)CNc1ccccc1C1CN(C(=O)c2nnc(-c3coc3)n2)CC1
615,CC1CC(C1CCN(Cc1nnn2ccc2)C1)c1ccc(=O)[nH]1
616,Cc1noc(C)c1CNC(=O)C(c1cccc(Br)c1
617,CCCCC(=O)N(C)c1cc(CC(=O)Nc2ccnc2C)cc1
618,Cc1nc(CNc2ccccc2CC2=O)nc1C1CCCC2(C)CC1
619,NC(=O)N1CCCCN2C(c3nc(CC4C4NCCC4)nc3C2=O)C1
620,CCc1nc2c(nc3n3CC(CO)C(Cc4ccccc3)no3)n2n1
621,CCC(C)OC(=O)C1CC(c2cc(=O)n(C)c2)C1
622,COc1ccc(-c2nc3c(CC4=O)cccc3c2c1
623,CCOc1nc(SC(=O)C2C(n3c(N)c3ccccc3)C2)nn1
624,Cc1nsc(SCc2ncnn2)c1N
625,Cc1cc(-c2ccccc2)on1C(=O)NC(=O)c1cccc1F
626,Cn1cc(C)cc1C(=O)c1cc(N)cc(OC(F)F)n1
627,CNC(=O)c1cccc(NC(=O)Cc2cnoc2CC2C2)c1
628,Cc1ccccc1Nc1nnnc1CC1CC1
629,CCOC(=O)c1cccc(CC(N)=O)c1
630,NC(=O)C1(CC(C)NC(=O)N2CCCC(c3cccc3)CC2)NCC1
631,Cn1cc(C(O)=O)c(Br)cc1C(=O)N1CC(C)C1
632,COc1ccccc1NC(=O)c1cc(C)nn1
633,CCC)c1cccc(NC(=O)c2ccc(Cl)c(C(N)=O)c2)c1
634,COCCCCNC(=O)c1cc1OC(N)=OC(C)C1
635,COC(=O)NC1CN(c2nc(C)c3ccccc34)nn2CC3C1
636,Cc1ccc(NC(=O)COc2nc3ccccc3[nH]2C)n1
637,COc1cc(COC(F)F)cc1NC(=O)c1nnnn1
638,Cc1cc(C(=O)NC23CCCCN(C(=O)C3CC3)C2)c(C)cc1N
639,NC(=O)N1CN(Cc2ccccc2)C(=O)c2cccc2ncc(OC)c12
640,COc1ccc(F)cc1NC(=O)Nc1nn[nH]1-c1ccccc1
641,CCCNSc1ccc(=O)c(CN2CCOCC2)c1
642,O=C1CCN(C(=O)Nc2ccccc2F)C1c1csnn1
643,Cc1cc(NC(=O)NCCNC(=O)c2cccc3ccccc33)cc1
644,O=C(NCc1ccccc1)c1cc(-c2ccc(Cl)c2)o1
645,O=C(C=O)Nc1cnnc(Sc2ccccc2CC2)c1
646,CCOCC1CCCN(C(=O)c2cc(C(=O)N3CCCC3=O)c2C1
647,O=C1CCCN(C(=O)Nc1cccn1)c1cc2c([nH]nc13
648,Cc1cc(C)nc1C1CCN(C(=O)c2ccc(C)n2)C1
649,Cc1ccc(C(=O)N(C)COC)c1OC(=O)c1ccccc1
650,C=Cn1ccc(NC(=O)c2ncncc3ccccc33=O)c1
651,Cn1cn(C)c2nc(C(C)CCN(C(=O)c3ccccc3)nnn2)c1
652,COCCC(C)NS(=O)(=O)c1ccc(Cl)cc1
653,COCCN(C)C(=O)c1ccc(CNC2C2=CCCCN2)c1
654,Cn1nc2c(c1)cn2cc(c1=O)N(C)C1c1ccc(F)cc1
655,O=C(c1cccn(Br)c1)c1c=O)[nH]c2cccc2c1
656,CNC(=O)CC(=O)N1CCN(c2ccc(Cl)c2)CC=O
657,COc1ccc(S(=O)(=O)c2ccc(C)c2C)cc1
658,CCOCC(=O)NCCN1CCC1C1C1
659,Cc1nncc(NC(=O)c2ccc(NC(=O)C3CC3)c2)c1N
660,O=CCNC(=O)c1ccnc(Cl)c1
661,CCC(NC(=O)C(N)C(=O)C1CCC1)c1ccc(C)c1C
662,Cc1nn(Cc2ccccc2F)c(NC(=O)NCC(=O)c2ncco2)cc1
663,CCNC(=O)CCOc1ccc(-n2nnn22)cc1
664,CCn1nc(C(=O)Nc2cccnc2)c(SC)n1C
665,Cc1nnc(C2C3CCCN3C(NC(=O)OCC3)CO3)c(C)c1
666,CCn1c(-c2noc(N2CCCO3)n2c2nccccc23)ccc1
667,COC1CN(C(=O)c2cncc3c3cc(c2)CO2)CC1
668,O=C(NCC(F)(F)F)c1ccn(-c2cccc(F)c2)c1
669,O=C(NC1COCCC1)c1ccc(OC2CCCC2)c1
670,O=C(CSC1=CCCC1)CN1CCCO1c1ncccc1
671,O=C(Cc1ccc2c(c1)COCC2)cc1ncnc1
672,Cc1ccc(NC(=O)N2CCC(c3cccnn3)C2C)c1
673,CCOCCOCCNC(=O)c1ccc(F)cc1
674,Cc1cc2c(c1)NC(CC1=O)CCO2CC1C1
675,COCCOC(=O)c1ccc(C2CCC2)c1
676,CC(NC(=O)Nc1ccnn1)c1ccc(S(F)(=O)=O)[nH]1
677,Cc1cc(Cl)cc(CN(C)C(=O)N2CCCCC2)c1
678,CSc1ccc(N2Cc3ccc(C(=O)Nc4nccc4)n2)cc1=O
679,O=C(CO)c1ccc(N2CCC2)s1
680,COc1ccc(NC(=O)CCN1C(c2cncc(F)c1)CC3)c1
681,Cc1nc2ccccc2n1CC(=O)N1CCC(Oc1ncnc1)C1C2
682,C=CCNC(=O)Cc1ccnc1NC(=O)C1CC(C)CC1
683,COCCC(=O)N1CCC1N(C(=O)Cc1cc[nH]c1)CC1C
684,Cc1ccc(SC(=O)(=O)N2CCC(CO)C2)c2ccccc2n1
685,COCCNC(=O)c1cc(Cl)c(NC(=O)c2ccnc(C)c2)c1
686,Cc1noc(C)c1NC(=O)c1cn2cc(OC)ncc2n1
687,NC(=O)COc1ccc2c(c1)OCCC(c1ccccc1)C2
688,CCCN(Cc1nnc(CC)o1)C(=O)c1cc2cCCC2
689,COCCN(CC)C(=O)N1CCN(C(=O)C2CCO)CC1
690,O=C(Cc1ccc2[No1)NCCC(Cc1ccc[nH]1)c1cccc1
691,Cc1nc(Cc2cccc(C#N)c2)nn1
692,COC1CC(C(=O)NC(C(=O)c2ccc(F)cc2)CCC1
693,COC(=O)N1CCCC(c2ccc3c(c2N(C)=O)C2)c1cccc1
694,COc1ccccc1C(=O)NC(=O)c1nc3ccccc2n1
695,Cn1nn(-c2ncc(Br)n2)n1-c1ccccc1
696,CCC(N)C(=O)Nc1ccc(CN2CCC2)c(C)c1
697,CCNc1ccc(C(C)=O)c1NC(=O)c1cccc1
698,Cc1cc2c(c1)NC(=O)N(C)COC(C)C1C(=O)c1ccccc1C
699,CC(C)OC(=O)CN1CCN(C(=O)c2cc(F)cc2F)CCC1
700,C=CC1CCCN(C(=O)N(C(=O)c2cccc(Cl)c2)CC1
701,COc1cc(C(=O)NC2CCC(=O)COc3ccccc3)cc2n1
702,COc1ccc(C(=O)Nc2cccc(C(C)=O)c2)s1
703,CCn1cc(-c2ccc(=O)s2)c(C(=O)Nc2ccc(F)nn2)cn1
704,Cc1ccc(COCCNC(=O)CO)cc1N
705,COCCOCC(=O)NCc1ccccc1
706,COCCCOC1=CC(C)c2cc(N(C)c3nnno3)nnc21
707,Cn1ccc(C(=O)Nc2cc3ccc(C)n3n2C2=O)n1
708,COc1ccc(NC(=O)Oc2ccc(N(C)=O)c(C)c2)c1OC
709,CCn1[nH]c(CC(=O)C2CC2CCC2c2ccc(F)cc2)s1
710,COCCCN1CCCCN1C(=O)c1cc(N)cc1
711,NS(=O)(=O)c1cc(C2CCC2)oc1C(=O)NC1CC1C1
712,CCOc1cc(COC(=O)CC2(C)CO1)c1ccc(O)c1
713,COc1cnc(C(=O)NCC2CN(C(=O)c3cccc(C)o3)CC2)c1
714,Cc1c(C#N)ccc1NC(=O)Nc1cn(C3CC1)s1
715,CCOc1cc(NC(=O)c2cc(F)c(Cl)cn2)cc1O
716,COc1ccc(CNC(=O)Nc2ccncn2)cc1C
717,COC(=O)CCN(C)C(=O)CNc1ccccc1F
718,CN(Cc1ccc(F)cc1)C(=O)NC1CCN(c2ncccc2)C1
719,Cc1nnc(C2CCC(OCC3)CCC2=NC(=O)C2C2)c1
720,Cn1cc(C(=O)NCc2ccc(Cl)s2)cc(N)o1O
721,O=C(NCC1CCC1)n1n(N2CC(C(=O)c3ccccc3)CC2C1
722,Cn1c(CCNC(=O)NCc2cccc3c2c1)cnc1CCC2
723,CN(CCC)C(=O)C1CC(=O)C2c1nc(C)n(-c2ccccc2)n1
724,O=C(Nc1cncn12CCN(C2=O)CC2)c1ccc(F)c(F)c1
725,O=C(NCc1ccccc1)c1cc(-n2ccnc2CC2)c(1)n1
726,CCOc1ccc(-c2nn(CC(C)C)c2)n1
727,Cc1nc(CCN2c(c3ccccc3[nH]3)CCCCC2)nn1
728,O=C(n1nccn1)N1CCCC21(c1cc[nH]1)CC2CC1
729,COC(=O)c1ccccc1Cc1ccc(C(=O)N2CCC2)c1
730,Cn1cc(SC)ccc1C#N)c1cc(C)cc1
731,CCO)CCCC(=O)N1CCC(N(C(=O)c2cccc(OC)c2)C1
732,CNC(=O)C1CC(c2cc(C(=O)N3CCN(C)CC3)n[nH]2)C1
733,COCC(=O)c1nnc(-c2ccccc2)n1
734,Cc1nc(CC(=O)NCc2ccc3c(c2)cc(s3)cs2)n1
735,CC(C)(C)OC(=O)N1CCCN(C(=O)Oc2cccc2)C1C
736,O=C(C1CC1)N1CCN(c2cc3cccccn3c2)CC1
737,CCCCCCNC(=O)N1CCN(c2nnc3cccc3s2)CC1
738,O=C1CC(CO)C1OCC1c1cc(F)(F)ccn1
739,Cc1nn(C)c1OCCC(C(=O)N(C)Cc1cccF)C1
740,N#Cc1ccccc1NCCc1nnc2c(n1)C(C)C4
741,CCOc1cc(C(=O)NSc2ccccc2=O)cc1Cl
742,CCN(CCCCCC(=O)s1cnc1)C(=O)N1CCC1
743,Cc1ccc(CC(=O)N2CCc3cc(OC(F)(F)F)nc3s2)cc1
744,COCN1CCCC1C(=O)c1ccc
745,Cc1ccc(N)c2[nH]c(=O)cc(C(=O)NCC(=O)Cc3cccnc3C)c2)1
746,COc1ccccc1NC(=O)COCc1sc2c(s1)CC3
747,CCCC(=O)Nc1cc(CNC(=O)N2CCCCO2)c(C)c1
748,CC(NC(=O)c1ccccc1)C(=O)Sc1ncc2n(C)c(=O)[nH]2
749,COc1ccc2n(C)c(CC(=O)NCCC(F)F)cn2c1
750,COCCNC(=O)c1cc(O)c2c1c(c1)n2c(c1)CC2
751,COc1cccc(C2CN(c3nccc(Cl)c3F)n2)c1
752,NC(c1cccn(F)c1)C1CN(C(=O)c2ccc[nH]2)CC1C1
753,CN(Cc1ccccn1)C(=O)Nc1nnc2scc2c1F
754,CCNC(=O)c1ccc(OCS(=O)(=O)c2ccc(F)c(F)c2)cc1
755,CC(=O)N1CCCN(C2CC(=O)Oc3cc(c3c(F)ccc4)[nH]2)C2CC1
756,C=c1cc(C(F)(F)F)sc1CC(=O)NCC1=O
757,CCCNC(=O)Nc1cc(-c2n[nH]nc2)c(-c2cccc2O)c1
758,Cc1cccc(NC(=O)CN2CC(C(C)O)CCC2c2nc(C)n2)c1
759,O=C]c1cc(Cl)ccc1C(=O)N1CCC1C1
760,Cc1cc(C(=O)NC2CCCCCC2)ccc1OC(C)C
761,C=C(NC(=O)c1cc(N2CCCN(CCc3ccccc3)C2)cc1C
762,COc1ccc(C(=O)CCCN2CCC2OC)c1
763,NC(=O)c1ccccc1NC(=O)c1coc2occcc12
764,CC(NSCc1ccoc1)C(=O)N1CC1c1ccccn1
765,CCc1ccccc1NC(=O)c1nc(CO)s1
766,O=C(NCc1cccco1)N1CC(C(=O)N2CCc3ccccc32)CC1
767,CC(Oc1cnnn1)c1cc(NC(=O)c2ccccc2)cc1=O
768,Cc1cc2oc(C)c(NC(=O)c3ncc(Cn3ccccc33=O)nc2)n1
769,CCN(CCc1cc(F)ccn1)C1C1CC1CC1C1
770,Cc1nnn(CC)c1-c1cccc(Cl)cNCl
771,O=C(CC1COCC1)c1ccccc1COc1cc(F)cs1
772,CC(=O)N1C1CCCN(c1ncn(C)c2cncn2C)C(C)C1
773,O=C(CC1CCC1)NCC1CN(=O)c1cccc(C(CO)C
774,O=C(NC1CCCC1)n1cc(C2C(C(=O)N3CCCC3)c2cc1
775,CCC(=O)N1CCCN2CC(Oc3ccc(Cl)c3)cc2C1
776,COc1ccccs1C(=O)N1CCCN1c1ccccc1
777,COc1cc(N2CC2N(C(=O)CC3CC3)CC)c2nn1N
778,O=C(C1CCC1)N1cccc1NC(=O)C1CCCC1
779,O=-c1ccnc(CNC(=O)c2ncccn2S2CCC2)c1
780,CCc1nc(CC(=O)Nc2cc(Cl)cc2OC)n1
781,CCC(=O)c1ccc(C(=O)Nc2cc4c(c2)cncc3ncc2O)o1
782,CSc1ccccc1C(=O)NCC1CCC1
783,CN(CCc1ccc(N-c2ccccn2)c1)C#N
784,Cc1ccccc1CNC(=O)c1cc(C)n(C)c1
785,O=C(CCc1ccc(-c2cco2)cc1)NCC1CCCC1
786,CCC(=O)c1cc(Nc2cc(Cl)cc2O)oc1
787,CCN(Cc1nccs1)C(=O)Nc1ccccc1
788,O=C(CCCCn1cnc2cnccn2c1)c1ccccn1
789,CCCOC(F)(F)FC(F)(F)F
790,NC(=O)CCN1CC(=O)c2nc3ccc(NC4CCC4)cC3)c2C1C
791,COCCNC(=O)N1CCOC(Nc2ccccc1)C1
792,COCCN(C(=O)Cn1cnnc1-c1cccs1)c1cccccc1
793,COCc1ncccc1Cn1nnnc1NCC(=O)NCCC1CCC1
794,COc1ccc(CNC(=O)CC2(O)CC(CC)=C2)c1O
795,CN(Cc1cccc(F)c1)C(=O)N1CCN(S(=O)(=O)=O)CC1
796,Cc1ccc(C(C)=O)c1NC(=O)OCC1OCC(=O)C1
797,CCC1CC(=O)NC(=O)Nc1noc(S(=O)(=O)NCc1cccc1F
798,COc1ccc(NC(=O)N2CC(c3ccccc3)CC2)c(Cl)c1
799,NC(=O)Cn1csc(N2cccc2)c1
800,CNC(=O)CS(=O)(=O)c1cccc(C)c1
801,Cc1cc[nH]c2ncc(NC(=O)c3ccnc4c(c3N)n3c2=O
802,COc1cncc(C(=O)NCC2(C)Oc3nsc4ncn4n33)c1
803,Cc1cc(C#N)cc(CNc2nn(CCC3CC3)n2)c1
804,CCN(CC)C(=O)c1cc(C2CCCC2)c(Oc2cccc2)n1
805,c1cccc(CNC(=O)Nc2cc(OC)ccc2)c1
806,Cc1cccc(NS(=O)(=O)c2cocc2C)c1
807,Cc1ccc(NC(=O)C2Cc3cccc(NC(=O)=O)c4CCC3)c2(C)c1
808,CCOc1ccccc1FC(=O)NCCNC(=O)c1cccc1
809,O=C(CNc1ccc2c(n1)C1)N(CCCc1cnccn1)C1
810,Cc1ccc(NC(=O)NCc2n3c(c3c1)CC3)cc1
811,COCCNC(=O)CN1C2CCN(c2ccc(Oc3ccccc3)c2C1
812,O=C(Nc1cnn2c(c2cccc23)n1)N1CNCCCCC1=O
813,COCCCc1nnc(N2CNC(=O)c3c(c3ccccc3O3)CCC2)n1
814,COc1cccc(NC(=O)c2ccccc2)c1
815,Cc1cnc(CN2CCC=O)c2c(C(=O)Nc3noc3cc2C)c1
816,COCCCCNC(=O)Cc1ccc(OC)c1
817,CN(C)C(=O)Cn1ncnc1-c1ccc(Cl)cc1C(=O)N
818,COCCNc1cc(CCN(C)C(=O)NC2CCCN2C)n1
819,COc1ccc(NC(=O)c2cn(CCc3ccccc3)o2)cc1
820,CCNC(=O)c1cccc(1)NC(=O)OCC1CCC1
821,COC(=O)CCNC(=O)c1c(Br)cc(F)c1
822,COc1ccc(C(=O)OCCc2ccnc3c(c2)CCO3)cc1
823,O=C1CCN(c2nc(-c4cccc4OF)o3)n2CC1
824,CNSC(=O)(=O)Nc1cc(S(=O)(=O)c2cccc(F)c2)cc1
825,CCNC(=O)Cn1cscc1-c1cccn1
826,CC1CN(C(=O)CC2(c3ccc(NCCC3)s2)CCC2)C
827,CS(=O)(=O)c1ccc(CNC(=O)c2cccc(Cl)c2C)c1
828,CCC(=O)N1CCCN1CCN(C(=O)c1ccc(Cl)cc1)C1
829,COCc1cc(C)cc(C)c1NS(=O)(=O)C1CCOCCC1
830,Cc1nnc(-c2ccc(Cl)c3c1)s1
831,COc1cc(C(=O)NC(C(=O)c2[nH]cc(C)c2=O)cc1N
832,CCc1cccc(CNC(=O)OC)c1OC(C)(=O)N1CCC=O
833,O=Cc1ccccc1CCN1CC(=O)NC1CCC1
834,COc1noc2cc(C(=O)NCSC3=O)cccc2c1
835,O=C(NC1CCC1)N1CCC2C1CC1c1nc2ccccc2
836,Cc1nn(C)c3c(c1C)N(C)C(c1ccccc1)CC2
837,COC(=O)CN1CCCNC(=O)C(=O)c1ccccn1
838,COCCN(Cc1nccs1)C1CC1
839,COC(=O)CN1CC(Cc2cccc3c3c2C(=O)Nc2ccccc2)C1
840,CN(CCc4c(c2ccccc3[nH]2)CC(=O)CN1)CC(=O)NCC1CCC1
841,CCC(N=O)CNC(=O)c1cccc(N2CC(C3CCC4)CCC2)n1
842,Cc1n[nH]c1NCC(=O)Nc1cnc2cc=OCN(C)C2
843,COCCNC(=O)c1nnc2c(cccc2)nc1C(=O)N
844,COc1ccc(C(=O)NCc2nc3cccn3c(C)n3nc2c)cn1
845,CCc1nnn(C)c1Cn1n(C)ccc1C(=O)N1CCCC1
846,COCCc1ccc(COC)c(C)c1OC)OC
847,O=C(Nc1ccccc1F)c1non1-c1ncccc1
848,CN(Cc1cccnc1)S(=O)(=O)c1ccc(F)c(F)c1
849,COc1ccc(C1)cc(CN(C)C(=O)NCc2cccc2O)c1
850,Nc1nc(-c2nc(SC3C3)on2)nc1N
851,NSc1ccsc1Br
852,COc1cccc(C(=O)N=C3CC(C(N)=O)CC3CCC3)c1
853,CCc1cc(C)c(Sc2ccc(C#N)cc2)n1
854,COc1ccc(C(=O)NCC(=O)c2cccn2)cc1-c1ccc(C)n1
855,CC(C)CNC(=O)c1c(OCc2ccc(F)cc2)cnn1
856,Cc1nc(C)cc1C(=O)Nc1ccc(-c2nno2)c1
857,COCc1ccc(-c2nn3c(c2)CC3)c1C#N)c1C
858,O=C(Cc1ccccn1)N1CCCC1CC1(=O)NC(CC)CC1
859,CCNC(=O)Cc1ccc(C(=O)NCC(C)C)c1
860,O=C(CCOc1cccc(Cl)c1)N1CCC1c1ccc[nH]1
861,CCC(=O)NCCC1COc2cc(F)cc2NC(F)=O
862,Cc1cc(C(=O)NC2CCC3(c3ccccc4o3)CC2)c(=)[nH]1
863,CCN(SCC(O)F)C(=O)NCn1cncc1Cl
864,COc1ccc(OCC)c1CNC(=O)NCc1nc2cccn2nn1
865,CCNC(=O)Cn1nnc2nnc(CC)c12(=O)c1ccc(F)cn2
866,Cn1nc(-c2cncn2)nn1CCNC(=O)c1ccc(Cl)c1
867,O=C(CCNC(=O)c1ccccc1F)12NCC(CC2C1)NC1
868,COc1ccc2nc(C(=O)CCNC(=O)NC3CCCCC3)c2c1
869,O=C(Nc1cccnc1)c1ccccc1-c1ncncn1
870,O=C1NCC2CCC2C2N(CC(=O)c1cccs1)c2cccnc2
871,CN(Cc1ccc(F)cc1)c1cc(C#N)cn1
872,CN1CCN(C(=O)C2(CC=O)OCC2)c1cccc(F)c1
873,CC(C)n1c(CN1CC23CC(=O)nc4ccccc4c23)cs1
874,O=C(CCNC(=O)c1cccn1)NC1CCC1c1cc(OCC1)[nH]1
875,COc1ccc(C(=O)NC2CC(Oc3cccc(F)c3)c(C)C)=O)cc1
876,O=c1ccc(C(=O)N2CCC3C(C(=O)N3CCC)CC2)n1
877,COc1cccc(Br)c1NC(=O)c1cc(Cl)ccc1
878,COCNC(=O)CN1CCCN(C(=O)CC(C)(N)=O)CC1
879,O=C(NCCOc1ccccc1F)c1nc2cnn(-c3ccco3)c2[nH]1
880,Cc1[nH]c(=O)oc1C1C1CC(c2ccncn2ccccn2)C1
881,O=C(c1cccc(Cl)c1)c1ccc(Cl)c1
882,COc1cccc(C(=O)OCc2cccnc2)c1
883,CCN1CC(c2nnnc2-c2ccccc2)CC1
884,=CCC(O)C1CN(c2ccc(Cl)cc2)nc1ccc[nH]1
885,CCCNc1ccn(-c2ccccc2)c1
886,Cc1cc(N)c2n1C(C(=O)OC3CCC23)CO2cccc1
887,CC(=O)NCC(=O)Nc1cc(C(F)(F)(F)F)ccn1
888,CCc1ncc(CO)c1-c1nc(SC)c(=O)c1N
889,CCOCCC(=O)c1ccc(Br)c1
890,O=C(CNc1cc(F)c(Cl)n1)C1CCCC1C1
891,COc1ccc(NC(=O)c2ccc3oc2C(=O)N3CCC3CC3)c1
892,CCCNC(=O)CNC(=O)c1ccc(C)c(=O)s1
893,COc1ccc(C(=O)N2CCCC(C(=O)N3CCC4CCO4)cc2)cc1
894,COc1cc(C#N)c(C(=O)NC2C(c3ccccc3)CC2=O)c1
895,N#CCOc1ccc(C#C)cc1C(=O)NC(C)c1cccc1
896,CNC(=O)Cc1cccc(-c2cccnc2)c1
897,COC(=O)NC(C)c1cncc(-c2ncn(SC)(=O)n2)c1
898,Cc1nocc1CNC(=O)CC1CCN1C(=O)c1ccccc1
899,CCNC(=O)N1CCCClC1C(=O)N(c1ccncc1)c1ccnccc1
900,COc1ccc(CN2CCOC(CC)C2=O)cc(C)c1OC
901,O=C(NCC1CCOc2ccccc21)N1CCCN1C(=O)CO1
902,CCOc1nc(CNC(=O)c2cc3c(n3)C3CC3)nn2c1
903,CCC(=O)N1CC(NC(=O)c2cnc(C(=O)N3CCCC3)n2)CC1
904,CC(C)n1nn(Cc2cccc3c(c2)CCO4)[nH]1
905,O=C(c1cc(O)c(OC2=CCCl)c1)c1ccc2cc(=O)[nH]c12
906,O=C(NCCc1ccc(F)cc1F)c1cc(F)cc1
907,CC(c1cc(F)c2on(SCC4=O)n(CCCCC3)n2C)n1
908,O=C(Nc1csc(Cl)c1)c1[nH]c(C#N)cc1
909,CC(=O)Nc1cccc(C(=O)c2sc(=O)n3cnc(CC)nN3)c1
910,Cc1nc(C)c(C)c1c1NCCC(=O)N1CCOc1ccc(CF)c1
911,CCc1cncc(CNC(=O)c2ccnc(NCC(=O)N3CCC3CC3)n2)c1
912,Cc1ccc(C(=O)NCC(C)=O)Cc2ccc(N)cc21
913,CS(=O)(=O)C(=O)N1CCCC(NC(=O)c2ccccs2)C1
914,Cn1c(C)sc1NC(=O)c1cccc(C)c1
915,CN(Cc1ccc(Cl)c1)C1CCN(C(=O)c2cccs2)C1
916,Cn1cc(F)cc(NC(=O)c2nnc3ccccc3c2C)c1
917,COC(=O)c1ccc(CO)c(Br)c1C
918,COc1cccc(C(=O)NCC(=O)Nc2nncnn2)c1
919,CCCCC1CN(C(=O)c2nc3nnnc3ccccc23)CCN1
920,CC1C)C(=O)N1CCN(C(=O)c2ccc(Cl)c2)CC(C)(C)C1
921,O=C(CNC(=O)Sc1nc2ccccc2c1C#N)c1cco1
922,COc1cc(C2CCCCN2C(=O)CCc2cc(C)n[nH]2)cc1
923,CC(=O)N1CCCC(Oc2nc(Cc3ccccc4[nH](F)nc3F)n2)CC1
924,O=C(NC1CCC1)N1Cc2ccc(S(N)(=O)=O)[nH]c2c1
925,Cc1nc(C)n1C(=O)n1nc(-c2c(-c3ccco3)nn2)n1
926,COCC(c1ccc(F)cc1)Oc1cnn(-c2ccnc3cnc2)c1
927,N#c1cccc(OCc2cncs2)c1
928,COc1ccc(NC(=O)c2ccnc(Cl)c2)cc1
929,O=C(CNC(=O)c1csco1)c1ccccc1
930,COc1cc(F)ccc1C1CC1CCC1C1
931,CNC(=O)C(=O)N1CCC(n2cnnc2CC2)NCC1CC1
932,CC1CCO)C(C(NC(F)=O)N1CS(=O)(=O)c1cccc1F
933,CN1C(Cc2nc(C3CCO)cc3n(C)nn2)CCC1
934,O=C(c1cccnn1)N1CC(C(=O)N(Cc2ccc(F)cc2)C1
935,Cc1cc(C(=O)OCCC(=O)NCC(O)NC(C)C)nc1OC
936,CCNC(=O)c1cc(C)n2c1CC(C)c1nccn12CCC2
937,Cc1nn2cccc(NC(=O)C3(C)CCC4)c1C
938,COc1ccc(C(=O)NCc2nn(CC)n(CCC(C)C)c2)cc1
939,Nc1cc(Cl)cc(F)c1NC1CCCc2cccc21
940,Fc1cc(O)c(NC(=O)C(=O)c2cc3c(c2)OCC3)s1
941,COc1ccc(C(=O)NC(=O)c2cc(OC)c3c(c2C)c(F)c1
942,CC(CCO)c1nn2c(c1)C(=O)NC(CC)C2
943,CC(=O)n1c(C)nn(-c2ccccc2Br)c1C
944,COC(=O)CNC(=O)Nc1cc(S(=O)(=O)C)cc1
945,)c(C)c1nc(CCSc1nn2c(C(=O)NC3CCC3)ncc12
946,Cc1cccc(N2CC3CC3(C)C13)c1cc(N)c1C
947,CC(C)(CNC(=O)Nc1cc[nH]n1)C1CCCN(C(=O)C)C1
948,COc1cc(CN2CC(NC(=O)c3ccccc3)C3)ccc1
949,Cc1nonc1NC(=O)CCS(=O)(=O)c1c(C)(C)c(F)cc1
950,COc1ccc(C(=O)NCC(O)C(C)C)s1
951,Cc1nc(C)cc(C(=O)N2CCC(C(=O)N(C)C(=O)CC)c1
952,COc1ccc(CNC(=O)c2n[nH]c3c(NC)c(OC)c3cc23)c1
953,CCNC(=O)CN1CC(c2ccccc2O)c2cncc[nH]21
954,O=C(CNCC1CCC1C1)c1cc2c(c1)OCO2
955,CC(=O)c1ccccc1-c1ccc(N2CCCC2)c(C)n1
956,O=C(c1ccc(F)n1)c1ncnc(-c2ccccc2)c1
957,Cn1ccc(N2CCC2C2c3nc(n3c(N)ncn3c4c3)c1
958,COc1ccccc1
959,CCN(CC)C(=O)N1C=C2N(CC1C(=O)c1ccccc12)CC1CCN1
960,Cc1ccc(NC(=O)CN2CCN(c3cc(n3cccnc3)c3)C2)cc1
961,COc1cc(C)c(CS(=O)(=O)NC2CCCC2C)c1
962,CCOC(=O)C(C)C(=O)N1CCC21OCCC(C)O2
963,CCn1nc(-c2cc(F)cc2)n1C(=O)N(C(=O)Cc1cccn1C
964,COc1ccc(OC)c(C(=O)N2CCN(C(=O)c3cccnc3)CC2)c1
965,O=C1CCC(=O)CC1cOCNC(=O)N1c1ccccc1
966,CCN1C(C(=O)c2ccccn2)CCN(C(=O)O)c1cccc1
967,Cc1nc(NC(=O)CC2C2(C)NC(=O)OCC2)cc1C
968,CCCNC(=O)c1ncc(S(=O)(=O)c2ccccc2F)c1F
969,O=C(NCc1ccccc1Cl)N)C1CCC1
970,CCCc1nc(CN2CCN(c3ccc(C(F)F)cc3)CO2)cs1
971,CC(=O)N1CCc2nc(C(=O)N(Cc3ccc(F)cc3)on2)CC1
972,O=C(CCc1cscs1)n1cccc1C(=O)Nc1ccccc1
973,CCC(=O)N1CCN(n2ccccc2)C1(=O)CC1
974,O=C(c1cccc2c1c(c1)CO3)c1ccc(F)c1N1CCC1
975,Cn1cnc(CC)c1S(=O)(=O)c1cc(C)c2s1
976,Cc1ccc(CN(C)S(=O)(=O)c2cc(F)cc2)c1
977,O=C1CCCCN1C(=O)c1ccc2cc(c1)nccc2n1
978,O=C(CCCN1c1cccc(Sc2cco2)n1)c1ccnc1=N
979,COCCNC(c1nnnc1C)c1cc(F)ccc1
980,O=C(NCCN(c1ccncc1)c1c2nncn12
981,CC(CC)NC(=O)CN1CC(NC(=O)c2ccc(=O)n2)CC1
982,COCCNC(=O)CCS(=O)(=O)N1CCN1c1ccc(F)c1
983,CCNC(=O)CCc1cccc(N2CC(C1)N(C)COC3)n1
984,O=C(Nc1nccs1)CC13CCC1c1cc2ccccs2
985,COCc1ccc(F)c(OCc2nnn2C)c1
986,Cc1ccc(-c2c(O
987,NC(=O)N1CCC(c2cs(-Cl)n(C)n2)c1ccc(F)c1
988,CC1(C)OCCCN1Sc1nnncc1C
989,O=C(Cc1cccc(OCO)c1)N1CCN(c2ccs2)CC1
990,CO)c1nc(Cc2ncnc3c1C(C)=O)N(c1ccc(F)c1
991,CN(CCF)C(=O)CN1CCN(c2ncnc2-c2ccco2)C1
992,COCNC(=O)C(=O)N1CC(NC(=O)c2ccccc2)CC1
993,COc1ccc(NC(=O)N2Cc3cccc(CC(N)=O)[nH]3)cc1
994,CCOc1ccnc2nc1CCO)C(=O)N1C1CCCC1
995,COc1cc(C(=O)NC(=O)c2[nH](C)c3cccccc23)cn1
996,O=C(NCc1c[nH]nc1)Nc1cc(Cl)ccc1
997,Cc1nnc(-c2ccccc2N2CCCN(c3ccnco3)C2)c1
998,CC(NC(=O)C1COCN(C(=O)Nc2cccc(F)c2F)C(=O)c1ccno1
999,COc1ccc(NC(=O)c2cn(C(Br)(F)cc2F)c1
1000,C(C)OC1CCCN1C(c1cccc(F)c1)C1
1001,CC1CC(C)N(C(=O)c2ccc3cc(c3)CC33)CC2O1
1002,COC(=O)C1CCN(C(=O)CN(CC(=O)C2CCNNCC2)C1
1003,COCC1CCCN1C(=O)c1ccc(OC)cc1C1
1004,CCc1cccc2n1)C(F)(C(=O)NCC(=O)NCCO
1005,COc1cc(C(=O)NC(C)(O)c2ccccc2C)cc(N)c1
1006,Cc1ccc(N)c(S(=O)(=O)Nc2cccc(F)c2)c1
1007,CCOCCC(=O)N1CC(C(=O)c2nc(C)ccn2)C1
1008,COCCN(C)C(=O)c1cc(F)cc1N
1009,NC(=O)CN1CCCN(C(=O)N2CCC2)c2ccccc21
1010,C=CCN(C(=O)CCc1con(-c2ccccc2)o1)c1ccnn1
1011,COC(=O)c1ccc(C(=O)N2CCCN(C(=O)CC(C)C)C2)c1
1012,Cc1cn(C)c(OCC(=O)CSc2ccccc2N2)n1
1013,O=C(Cc1cnncn1)n1nc2nnn12CCCc3c1
1014,NC(=O)CSc1ccc2nc(=O)o2c1C(c1ccccc1)N1
1015,COc1ccc(C(=O)N2(CCC2)3CCC2CO3)c1
1016,CCCCCOn1nnc(-c2ccccc2)n1
1017,Cc1nc(CN#S(=O)(=O)c2cccc(F)c2F)n1
1018,COc1cc(C)c(COc2nnc3ccccc33c2=O)c1
1019,CC(=O)NC(=O)CC(C)NC(=O)c1ccc(C2CCCC2)c(C)n1
1020,Cc1sc2c(nc3c1=O)N(C(=O)c1nnc(C)c13CC3)CC1
1021,Cc1ccc(C(=O)NC2CN(CC(=O)N3CC3)c2)n1
1022,CCOC(=O)c1cc(CCCN(C)C)n2c(=O)c(C)n1
1023,CC(C)CC-c1nn(SC(Cc2cnc3nnnn3c2=O)cc1OC#N
