smiles,label
N#CCc1ncc(C(=O)NCC2(c3ccc(F)cc3F)n(C)n2)n1,False
Cc1ccncc1CNC(=O)NCCN(C)n1cccc1F,False
CN(Cc1ccccc1C(=O)N(C)C(=O)c1ccc(F)c1)c1cs1,False
O=C(C1CCC1)C(=O)c1ccc(N(C(=O)CCc2ccccc2)c1,False
CCn1nc(C(=O)NCC2CCCCC2)c(C)c1NC(=O)C1C,False
NC(=O)CC(Oc1cccc(OCl)c1)N1CCCOc2ccnn2,False
CCOc1n[nH]c1-c1nnc(C(=O)NC2CCCO2)[nH]1,False
N=C(NC(=O)c1cnc(OCC2CCC2)n1)c1ccccc1,False
CCCNC(=O)c1ccc(NC(=O)c2cn3cccc3[nH]2)c1,False
CCn1nnc(C2CC3CCC3(C(=O)N3C3CC3)C2)c1,False
COC(=O)CCN1CCC(Cc2ccccc2F)C1,False
CCc1cccc(C)c1C(=O)Nc1nc2ccc(=O)cc2c1,False
COc1ccc(C(=O)Nc2ccc3c(c2=O)CCC3)cc1OC,False
Cc1nc(CCn2nnc(NCC(=O)NC3CCC(C)C3)o2)s1,False
O=C(NC1CCC1==C1)Nc1ccc(OC2(C)CCCC3)c1OC,False
COCCCC1Oc1ccc(C(=O)N2CCCO(C(=O)OC)CC2)cc1,False
N#Cc1ccc(F)cc1NC(=O)N1CCCc2cncn2C1,False
O=C(c1cccc(-c2ccc(F)c3c(c3c3ccon4)c2)c1,False
N#Cc1c(=O)[nH]c(=O)c1NS(=O)C1CCC1[nH]c(=O)[nH]1,False
C(=O)CC1CCN(C(=O)OS(=O)(=O)c2ccccc2)1,False
COc1cc(Cl)cc1OC(=O)NC1CC2(CC)C2C1,False
COCCN1CCCN(C(=O)C2CCCC(N)=O)CCC(C)=O)c1o1,False
COc1cc(-c2c(C)nc3n(CC4CC(=O)CC4CC3)nc2ccc1F,False
Cc1cccc(C(=O)NC2c3cccc(C(N)=O)c3[nH]2)n1,False
CCN1CCC(c2nc(C(=O)NN3CCCOC3)o2)CC1,False
CCOC(=O)c1ccccc1Oc1ccc1C,False
CCOc1cc(CC(=O)Nc2cc(Cl)cc2)cc1,False
CNC(=O)CN(C)c1nn2c(c1)CC(C)O2,False
Fc1ccc(-c2c(OC3CC3)nc3n2c1)c1C,False
Cc1nc2nccc2n1CNC(=O)Cc1ccc(C(=O)N)n()c1,False
CNS(=O)(=O)C1CN(C(=O)Nc2nc3ccccc32=O)CCC1,False
Cc1nnn(C)c1CCN1CC(=O)c2cc(N)ccc2C1,False
Cc1noc(C)n1N(C)C(=O)Nc1ncOC(F)(F)F,False
CCOCCNC(=O)NC1CC2CN(c2cc(C(N)=O)cc2)C1,False
O=C1CCC(c2nc(-c3ncn(-c4ncccc4C4)n3)n2)C1,False
Cc1sn(-c2cc(F)cc2)n1C(=O)NCCCC1CCO,False
CN(CCc1nncs1)C(=O)c1cc(Cl)c(C)cc1N,True
O=C(NC1Cc2ccccc2C1)Nc1ccc2c(c1)COCC2,True
Fc1ccc(C2COc3cc(NC(=O)[nH]c4cc(C)cC4)nc3o12,False
COC(=O)c1n(CC)c2ccc(C(=O)Nc3cccc(C)c3)c2n1,False
O=C(c1cccc(F)c1CNC(=O)c1[nH]o1)c1ccccc1,False
COC(=O)c1ccnc1N1CCCc2cc(C)n2C1,False
CSc1ccc(Cl)c(C(=O)NC2CCC2)c1,False
C#CNC(=O)Nc1nnc(-c2cccc3cc(=O)O3)o1,False
Cc1cc(NC(=O)NC(=O)Nc2nc(-c3ccccc3)c2)o1,False
Cc1cncc(OCC(=O)NC2(CCN(C)=O)CC2CCC)n1,False
Cc1ccc(CC2CCc3nc3nc(C)n3C)cc1C,False
O=C(NCc1ccncn1)N1COC2CC(C(F)(F)F)C1,False
CCOCCNC(=O)c1ccc(C(=O)NC(=O)c2ccc(F)s2)c1F,False
COC(=O)COc1ccc(N)c(C(=O)CCc2cccc2)c1,False
Cc1nn(-c2ccc(C(=O)O)cc2C)n1CCc1cncc1,False
Cc1cnc(CC(=O)Nc2ccc(-c3nncn3C)s2)c2cccc12,False
Cc1nnc2c(CC(=O)NCC3C3)c(1CCOC)CCC12,False
Cc1ccccc1NC(=O)CN1CC1CC(O)C1,False
CC1CN(C(=O)CCn2ncc(C(F)(F)F)c2cnnc2C)CC1=O,False
CS(=O)(=O)N1CCN(c2cnc3c(c2)CCO3)CC1,False
CN(Cc1csnc1)C(=O)N1CCN(c2cc(F)c[nH]2)C1,False
O=C1CC2CCN1C(=O)N1c1ccccc(=O)c1,False
NS(=O)(=s1nc(O)cn1)c1ccnc(C2CCNC2)c1,False
COc1cc(C)ccc1NC(=O)c1ccc(C#N)o1,False
CC(C)CNC(=O)c1ccc(-c2n3nn(-c3cccnc3)cc2)c1,False
COc1ccc(NC(=O)C(=O)N2CCC(OC)CC2)c1,False
CCC(C)C(=O)N1CCN(C(=O)C(c2cccc(C)c2)C1,False
Cc1ccc(C)cc1C(=O)NCc1nc2n[nH]2cco1,False
CCCNC(=O)c1cc(C(=O)NCCc2csc3oc2=O)cc1,False
Cc1cnn2c(c1)C(NC(=O)Cc1cnnc2cccn1)c1,False
Cc1cccc(C2CCCN(C(=O)NC3COCC3)C2)c1,False
CSc1ccccc1Br,False
CN1C(=O)CCN(C(=O)c2cc(F)ccc2Br)C1,False
CCCc1nnnc(CCCCNC(=O)c2n3cc(c3ccccc3)n2)n1,False
Cc1ccccc1NC(=O)COC1CC(CC)(O)C1,False
O=C(CC#N)c1cc(-c2cccc(N3CC3)n2)cc1,False
CO)c1CCNC(=O)CCSc1n1cnn(-c1C,False
CCCOc1ccccc1NC(=O)c1nc(-c2ccccn2)nc1,False
C(=O)c1ccc(C2CN2C(C(=O)c3cccnn3)CC2)c1,False
CCN1CCN1CC(=O)N1CCn(Cc3ccccc3[nH]2)CC1,False
COC(=O)C1CCN(C(=O)Cc2ccn[nH]2)CC1,False
CCc1ccc2c(n(=O)n(-c3ccncc3)ccn2N)cc1,False
O=C(Cn1ccc(Br)c1)c1ccc(Cl)c1,False
O=C(Cc1nn2cccc2ccn1)Nc1ccccn1,False
O=C(Nc1ccccs1)c1nsc2ncnn2n1,False
COc1ccc(CCN(C)S(=O)(=O)c2ccco2)c1N,False
Cc1ccc(C(=O)N(c2ccccc2)CCN(=O)CC)c1,False
COc1cccc(NC(=O)N2CCOC(C(C)c3ccccc3)CC2)c1,False
Nc1cccc(Cc2nco2)c1,False
CSc1cc(NS(=O)(=O)COC(F)F)cc1,False
Cc1ccc(-c2cc(N3CC(C3)C(C)C3NC(C)=O)c2)c1,False
Cc1nonc1C1CCN(c1ccccc1)C(C)c1cnnn1,False
Cc1nn(C)c1C(=O)N1CNOC(c2ccc4ccccn33)CC1,False
Cn1cc(C(=O)NCc2ccc3n(c3cc(c4ccn3)nc4o3)nn2)cn1,False
O=C(Cn1ccc2ccccc2c1F)Nc1cc2ccc(F)c2nn1,False
CNc1ccc(C(=O)CN2CCN(C(=O)c3cc(F)cnc3)C2)c1F,False
O=C(Nc1ccsc1)NC(F)c1cc2c(c1)CC2,False
CCN(Cc1cccc(F)c1)S(=O)(=O)N1CCC(C)CC1,True
O=C(CC1CCC1)C1c1cccc(N2CCCN(C2)C2c2ccoo2)c1,False
N#Cc1c(NCC(N)=O)[nH]c(C(=O)NCC(C(C)(F)F)C)c1,True
COc1ccc(C(=O)NCC(=O)C2CCCCC2)c1,False
CCn1cc(Oc2ccc3[nH]nnn3ccn23)cc(=O)n1,False
O=C(Cc1nnc(-c2ccccc2F)c1)NCC1CC1C1,False
C=C(=O)N1CCN(C(=O)Cn2cccn2)C1(C)c1cnnn1,False
COCc1cc(N2CCC(=O)NCOC2)cc1,False
C(=O)c1ccc(-c2ccc4n(s2)nn3cc2=O)cc1,False
Cc1ccc(C(C)=O)on1-c1cc(Cl)c(F)c1,False
CCN1CCCCN(C(=O)S(=O)(=O)c2ccccc2)C1,False
CCc1nc(SC(=O)(=O)NCCNC(=O)c2ccc(F)cc2)cc1=O,False
Nc1cc(C)c(C(=O)NCCCCO)cc1)c1ccnn1,False
CCNC(=O)c1ccc(N(C)C(=O)NCC((C)(F)(F)(F)F)c1=OC,False
CC1CCN(C(=O)Cc2ccccc2)CCN1C,False
CCC(=O)NC(C)c1nc2nc(C(=O)Nc3ccccc3)nc2s1,False
CNc1cccc(C(=O)NCc2ncc(-n3ccn3)oc2)c1,False
Cc1ccco1CNC(=O)c1cc(N2CCC2=C)cc1OC,False
CN(Cc1ccccc1)C(=O)OCCOC1(C)CC1,False
COc1cccc(OC)c1NCC(=O)N1CCCN(C(N)=O)C1,False
COc1ccc(C(=O)NCCCN1CC(=O)c2ccccc2)cc1,False
Cc1cc(C2CCC2N(c3cccc(Cl)c3o2)CC)cn1,False
COCCCN1CCN2C(N(c3nnnc3C3(C)CC)CCO3)C21,False
NC(=O)c1cc(-c2nc3ccccn3c2C)cc(N)n1,False
CN(C)C(=O)CN1CCN(c2ccc(OC)c2)CC1,False
Cc1ccc(CC(=O)N2CC3CCC(NC(=O)C3)CC3)cc1F,False
CNC(=O)c1ccc(C(=O)N2CCC(N3C(c4cccn4)C3)CC2)c1,False
CNS(=O)(=O)Cc1ccc(-c2nc(C(=O)N4CCC(F)n3)c1,False
O=C(CCC(=O)c1c[nH]c2ccccc21)c1cccc1,False
COc1ccccc1N1CCN(C(=O)c2cnn(C)c2C)CC1,True
COc1ccc(CNS(=O)(=O)c2nc3cccccc33n2)cc1,False
CC1CCN(c2ccccc2)CCN1C(=O)n1nN1nc2ccn1,False
COCCCN(C1CCCC1)CN(CNC(=O)c1cc(F)cc1)C1,False
O=C1NCC(OCN(C)C(=O)Oc2ccccc2)c1cccc1,False
Cn1nc(CN2CCN(Cc3cnc(C)cc3F)C2)c(O)n1,False
NC(=O)c1cccc(OCCc2ccccc2N)c1,False
CCS(=O)c1ccccc1C(=O)N(C)c1ccnc(Cl)c1=O,False
CCN(CCCc1nnc2c1cccn12)CC(=O)N1CCC1,False
Cc1ccc(SC(=O)=O)cc1OC(=O)NCCC)c1ccco1,False
Cc1nc(CCNc2nnn2-c2ccc(Nc3ccccc3)c2)s1,False
Cc1ccc(CS(=O)(=O)N(CCC)C)s1,False
CC1CCN(C(=O)COc2ccccc2S(=O)(=O)NC)CC1,True
CC(C)NC(=O)CC1(N)CC1(=O)Nc1cnc(-c2ccccc2)c1,False
CC(C)Sc1nnc(N2CCC1OCO2)n1CC(C)C1,False
CCOc1ccccc1C(=O)N(C)c1ccc(Cl)c1,False
Cc1ccc(NC(=O)n2c(c3cccc4nc(C)nc4C4)ns3)cc1,False
Cc1nc(C(=O)c2cccc(OC(F)(F)F)c2)ccc1F,False
O=C1NC1CN(Cc2ccccc2)C12CC3(C#N)CCCCO1,False
O=C(NC1CC2CC1=C2)C2(C(=O)O1(CC1)CCC1)CC2,False
O=C(c1ccc(-c2cc(Br)cc2)n1)C1CC=O,False
O=C(Nc1ccc(F)c(F)c1Nc1ccs1)N1CCN1,False
Cc1cnn(C2CC2C(=O)N(CCC3CCCC3)CC3)c1,False
Cc1cccc2c(c1)OC(C)NC(=O)Oc1ccc(F)c1,False
Cc1ccc(Br)c(N)c1OC(=O)N1CCCCC1,True
CN(C)c1nc(NCOC(=O)Oc2cccc(F)c2OCl)s1C,False
COCCCc1nc2ccc3nccn2s1,False
N#Cc1ccc(-c2nnc3ccnn24)c1)c1,False
Cc1nc(C)c(NC(=O)CNC(=O)c2ccccc2O)cc1=O,False
CCCOC1CCCN(C(=O)N2CCCN(C(=O)c3ccccc3)C2)C1,False
CCNC(=O)c1cc(F)c(Cl)cc1,False
CCOCCCOc1ccc(NC(=O)c2nc3ccc(F)cn3[nH]2)c1,False
CCc1cc(Cl)c(N(C)S(=O)(=O)c2cccc(C)c2)c1,False
Cn1ccnc1CN1CCN(C(=O)c2cc=O)CCN(C)C(O)C,False
COc1cccc(NC(=O)N2CCN(c3ccccn3)CCN2)c1O,False
CC(C)c1c[nH]nc1C(=O)NCC1CCC1C1,False
CCC(C)NC(=O)Nc1ccc(Nc2ncnc3c2c1)c1,False
CN(c1ccc(F)c(F)c1F)C(=O)N1CCCN1,False
O=C(Cc1nc2c(c1)S(=O)(=O)c2ccccc2)c1cccc1,False
C#CCNC(=O)Nc1cncc(-c2ccccc2F)c1,False
COc1cccc(C(=O)Nc2nc3c(cn(C)cc4ncc34)n2)c1,False
COCC1CCC1N(Cc1ccnc2c(-c1ccccc1)nc1=C,False
COCCNC(=O)Cn1cc(C(=O)NCc2ccnc3cccc23)cn1,False
COCc1ccsc1S(=O)(=O)c1cc(F)c(F)c1,False
COc1ccccc1OC(=O)NC(C)CN1CCCOC1,False
Cc1cc(C)cc(NCC(=O)N2CCC(CC)CC(C)C2)c1,False
COC(=O)CN1CCCC2C(CN)=Oc(c2cccc(N(C(F)])c3)ncc21,False
NC(=O)c1ccc(Cn2nc3cccn3s2)c(C)c1,False
CCN(CC)c1n[nH]c(=O)[nH]11CCCC(=O)N1C1,False
COc1ccc(CC)c1CNC(=O)C1CC(N)=C1,False
CCC(=O)c1ccc(S(=O)(=O)NCC(C)(C)o2cnn2)cc1,False
Cc1nn2nn2n(CC(=O)Nc3cnccc4s3)c3c2c1C,False
CCCCN(CC(N)=O)S(=O)(=O)c1cc2nc3c(c3cccn3)nc2c1,False
CNC(Cc1cnc(F)n1)c1c(CN2CCCC2)ccc1O,False
CN(CC(=O)CN1CCN(C(=O)N2Cc3ccccc3)CC1)NF,False
CCN1CCC(C(C)(=O)N(c2ccccc2)CC1)c1cccc1,False
CN(CC(=O)c1ccc(F)cc1F)NCc1cc(F)ccc1,False
O=C(NCc1ncn(-c2nn[nH]3c3cc(=O)sC3)o1,False
COCCNC(=O)CC(=O)c1nc(C)s1,False
CCNC(=O)OC(=O)c1ccc(CN(C)C(=O)C)c1,False
COc1cc2c(c1)CCN(C(=O)NC(=O)Oc1cccc(F)c1)CC2,False
C#Cc1ccccc1NC(=O)OC(C)c1cccc[nH]1,False
COc1ccccc1NC(=O)CSc1nnccn1C,False
Cc1ncc(C(=O)N2CC(C(=O)N(Cc3ccno3)CC2)c1N,False
CCN(CCC)C(=O)c1ccc2c(c1)C2,False
CCN(CC(=O)c1cccn1)c1nc(=O)c2ccccc2n1C,False
O=C1C2CC(=O)N(Cc2ccncc3cn23)cnn1N,False
Cc1[nH]c2ccccc12c1OCCCO2,False
CC(=O)Nc1ccc(C(=O)N(C)c2ccc()cc23C)n1,False
O=N(CCc1cc(F)c(Cl)cc1)c1ccc(F)c1,False
Cc1ccc(OCC(=O)N2CCC(Oc3cc(C)ccc3)CC2)cc1,True
COc1ccc(-c2sc(C)cn2)n1-ccn[nH]1,False
O=C(NCC(=O)C1(C)C1)C1CC2C(N2C(=O)CC(N(c3c)cco2)CC1)CO1,False
Cc1ncc(C(=O)NCCCc2ccnc2)n1,False
CCC1CNC(=O)N2Cc3c(ccc3S(=O)(=O)cccc3n2)CC1,False
O=C(Cc1cc(Cl)c(F)c1F)Nc1ccc(Cl)c1,False
C=CCN(C)C(=O)COc1ccc(F)cc1F,False
CCNC(=O)c1cnc(C(=O)NCc2cnnc3c2c2c(C)CC3)n1,False
NC(=O)CC(COc1ccccc1)c1cnc(NC(=O)c2cn[nH]c2)s1,True
Cc1ccc(NC(=O)OCCc2nnnc3c(c3Cl)s2)n1,False
COC1CCC1CN(S(=O)(=O)NC(C)C#c1nc(C)n1)CCC1,False
CCOCCN1CCCN(C(=O)c2cc(C)c(C)c2)CC1,False
O=C(Cc1cccc(Br)c1)n1cnnn1,False
COc1c(C)ccc1NC(=O)C(=O)N1CC(C)CC1,False
CCS(=O)(=O)c1cc2c1)N(CCCOc1ccccc12,False
CC(COc1cc[nH]c1NC(=O)c1cn1)c1n[nH]c2cc(c1)O,False
CCOCCCNC(=O)N1CCN(C(=O)c2cccc(Cl)c2)C1,False
Cc1ccc(N)c(C(=O)NC(=O)Nc2ccnc(C)c2)c1,False
CC(=O)NCc1nc2nc(Br)cc2ccn12,False
CCOCC1CCCC2NC(=1)C(c1cccco1)C1,False
Cc1cccc(NC(=O)c2cccnc2)c1,False
Cc1[sH]c(=O)[nH]c1CC(=O)N1CCC1C1,False
Cc1nc(C)c(C(F)=O)[nH]c1-c1ncc2cc(Cl)n12,False
CCCCN1CCCc2nccc3nn2C2(C)C1c1cnccc1,False
O=C(COCc1cccc(F)3(c1)CO3)N1CCCC1,False
CCC(=O)OC(C)(C)C(=O)Nc1cnnn1-c1cccc1C,False
Cn1c(C#N)nc(CN)c1NC(=O)c1cccc(C(=O)n2ccnc2)c1,True
Cc1n[nH]c2nc(=O)c(CCC(=O)NCc3ccccc3F)ccc21Br,False
NC(=O)c1ccc2[nH]c1CN1CC(=O)c1ccc(F)[nH]c1,False
COc1ccc(NC(=O)N2CCCN(c3ncnc3CC3=O)CC2)cc1,False
CC1(C)CN(Cc2nnn(C)n2)CC(=C)C(=O)N1CCC1,False
CCNc1ncc(H]c1NC(=O)CCN(C(=O)c1ccccc1)(C)C,False
Nc1cc(-c2nnc3nc(C4cc4ccc(-c43)c(=O)nc3)cs2)ccc1,False
CC(=O)c1ccc(S(=O)(=O)c2ccc3csc3C)n1,False
NC(=O)N1CCC2CN(C(=O)CC3C(O)CC3)C=C2CCO1,False
CCc1ccc(C(=O)N2CCCN(c3ncccc3)CC2=O)cc1,False
Cc1noc2c(CC(=O)CCN(-c3ccccc3)cc2)n1,False
CFc1cc(C(=O)Nc2cc(CC(=O)N3CCC3)cc2)n[nH]1,False
CCOCCNC(=O)NC1CCOC(C(=O)C1)c1ccc[nH]1,False
CN1CCN(C(=O)c2ccc(s2)C2)c2[nH]cn2c1,False
NC(=O)CCc1ccn(C(=O)C2)[nH]c1C,False
Cc1nn(CCC(=O)OC2CCCC3)n1-c1cccc(F)c1,False
Cc1nc2c(n1)S(=O)(=O)(=O)c1nc(-c1ccccc1)N2,False
O=C(COCc1ccc(Nc2cc(Cl)cn2)c[nH]1)NC1CCC1,False
Cn1nn(C)c(=O)c2c(nc3c3c(c1)OCCC4)nc2C,False
O=C(c1ccccn1)N1CCCN(n2ccc3ncn(=O)c3cn3c3[nH]2)C1,False
CNC(=O)c1ccccn1-n1c2nc2ccccc3[nH]12,False
COC(=O)c1ccc(C(=O)N2CCC(C(C)CC)CC2)c1,False
CCOc1ccc(NC(=O)c2ccc3[nH]c3cc(C)cc3n2)n1,False
c1cccc(Cl)c1NCc1cccc1N,False
Nc1cn(-c2cccn2)cc1C(=O)N1CCCO1C(C(=O)N)CC(O)C,False
NS(=O)(=O)c1cc3cccnc3c1C(O)=O,False
CC(=O)c1sc(C)c(CC(=O)NCC2CCCCC,False
N#CCNC(=O)c1ccccc1CN1CCC1CC1,False
CC1CN(C(=O)c2ccc(-c3ncnc4c3[nH]c3)co2)CC1,False
CCOC(=O)CN1CC(=O)N(CCc2ccccc2F)CC1,True
CC(C)Oc1cc(C#C=C#N)c(C(=O)N(C)C)c1C,False
CCCCOc1cccc(N(C)C)c1C(=O)Nc1ccccc1,True
CCSc1nn2nc3c(C)nc(C)c(=O)c3c1=O,False
CCOC(=O)CC1(C(=O)NC(=O)Cc2cncn2)CCC1,False
O=C(Cn1ccsn1)(C1CCC1)c1nc2cccc(=O)c2c1,False
O=C(NCCS(=O)(=O)N1CCCCC1)c1ccc[nH]c1,False
CCCOCCC(=O)C1c1cccc1,False
Cc1ccc(OC2CN(C(=O)c3cccccc3O)CC2)cc1,False
COC(=O)c1n[nH]c(N2CCC(=O)C2CCC2)c1C1C,False
CC(C)c1ccnc(NC(=O)c2cccc(C#N)c2)c1,False
Cc1cn2nnnc3n1c1nccc1-c1cc(F)cc1,False
CCCCCN1C(=O)N(C(=O)c2cc(C#N)cc(F)c2)C1C,False
COC(=O)C1=CCN(C)Cc2ccc(Oc3ccccc3)o2)C1,False
CCCNCC(=O)c1cccc(C(=O)N2CCC(C)C2)c1,False
Cc1nn(Cc2nc(C(N)=O)c3ccccc33[nH]cc2=O)c1,False
O=c1c(C)c2c(c1)C1C2CCCC2n(=O)c1cccc1F,False
Cc1noc(CCOc2ccccc2)c1CO,False
Cc1ccc(C(=O)Nc2cc4c(n2)CCC3)[nH]n1,False
CCN(C)C(=O)C(C)c1ncn2ccnnC2c1cccn1,False
Cc1nnc(C(=O)NCC(=O)c2cc[nH]2)c1C,False
Cn1ccc1C(C)Nc1ccc(C(C)(=O)NC2CC2)c1,False
CCCNC(=O)CCNC(=O)Nc1ccc(Cl)cc1,False
O=C(Nc1cccs1)NCc1cnnc2c(c1)CC2,False
O=C(CNc1ccc(Br)cc1)c1ccnc1Br,False
Cc1ccsc1C(=O)NCC1COC(=O)n2cnc(C)c2C1,False
C#Cc1ccc(OC)c1CCNC(=O)N(c1=O)CCC1,False
COCCCNC(=O)CCC#N,False
Cn1nc(C(=O)N2CC3CC3CN(C(=O)n3cnccc34)CCC2)cs1,False
COCCCN(C)C(=O)c1ccn(S(=O)(=O)c2cccc2)c1,False
CC(=O)Nc1cccc(N2CC(c3ccc(F)cn3)CC2)c1,False
O=C(c1ccnc1)N1CCCc2ccccc21,False
CCCNCc1cnn(NC(=O)c2cccc(F)c2)c1,False
COCCCN1CCN(C(=O)c2cccn2)CC1,False
Cc1oc(C)nc1S2(=O)(=O)NCC2(C(=C)CCC2)C,False
CCOCCC(=O)NC(=O)CC(Oc1ccccc1)C1CCC1,True
COc1cc(C)c(S(=O)(=O)c2ccc(Br)n2)cc1,False
COCN1CCCCN1C(=O)C1Cc1cnc2nccnc2c1,False
CCOc1ccccc1CNC(=O)CC1CCC(N#N)CC1,False
O=C(OCCSc1ccc(F)cs1)NCCO1COC1,False
CC(=O)N1CCC(NC(C)=O)C1c1cc(F)c(F)c1,False
CNc1cc(-c2ccccc2N)c(C(=O)c1cs(-c2cccc2)n1)cc1,False
N#Cc1cccc(NC(=O)c2cnc(-c3ncsc4nc3nc3)c2)c1,False
NC(=O)CSc3ccccc(-c3nnnc3)c2c1,False
Cc1oc(C)c(C(=O)N2CCCCC2C)c1C(=O)OC=O,False
O=C(Nc1ccc(Br)cc1)c1ccccc1F,False
Cc1n[nH]cc1CCOc1nc(C(=O)N2CC(C)CO)o1,False
Cc1ccccc1CC1CN(C(=O)Nc2ccc(NC(C)C)[nH]2)cCC1,True
Cc1cc(COc2ccccc2)nn1,False
CC(=O)Nc1nnc(N2CCCC(CN3CCC3=C)CC2)S1,False
CCOCCC(=O)COc1ccc(C(N)=O)c(OCC)c1,False
O=C(N)c1ccc(OCc2ncc(C(F)(F)F)n2)cc1,False
CCn1nc2nc(=O)c(N(C)Cc3cccc(F)c3)cc2n1,False
C=CCNC(=O)c1noc(-c2ccc(F)cc2F)n1,False
CS(=O)(=O)c1ccc(CNC(=O)c2ccccc2)nc1C,True
CNC(=O)C1CCNc2nc(C3CCOC3)n2c1,False
COc1cnoc1C1CCN1C(=O)c1ccccc1,False
CCOc1cc(Cl)c(C(=O)N2CCN(C)C(N=O)c3cccc32)c1,False
Cn1cccc(CN2CCNC(=O)c3ccccc32)c1,False
Cc1cc(C(=O)N2CC(C(=O)N3CCCC3)C(C)C2)cc(C)n1,False
CCOC(=O)c1ccc(C(=O)NC2CCCC2)c1N,False
Cc1ccc(C(=O)NC(=O)c2ccnn2)c1,False
CC(C)(C)=O)c1ccc(C(=O)Nc2nn(CC)n2cccc12,False
COC(=O)c1nc(CCOc2ccccc2F)cn1,False
CCN(CC)c1ccn(N2CCN3CCCCC32)n1,False
Cc1noc(CCCC(=O)Nc2ccc(OC(C)F)c2)s1,False
CCN1CC(C(=O)NCc2nc(-c3ccccc3)s2)CC1,False
O=C(Nc1cccc(NC(=O)c2ccc(-c3ccnc(C#]3)o2)n1)c1,False
C=CCCN(C)C(=O)N1CCN(c2ccccc2)C1=O,False
COCCNC(=O)CNC(=O)c1cc(C(=O)NC2CCC2)cc1,False
COc1cc(NC(=O)C(C)N2CC(CC)(=O)CCC2)c(C)c1,False
COCCNC(=O)c1nc(C)cc1C1CN(C1CCC1,False
CCCCOCCC1NC(=O)CN(c2noc3c2ccccc23)CCC1,False
CCC(C)NC(=O)CNN1CCCN(C(=O)c2nnc3cccc3c2)C1,False
O=C(Cn1ncc(-n2cccc2F)cc1Cl)c1ccnc1,False
COc1cc(C)ccc1NC(=O)Cc1nnn1,False
CC(C)cc1nn(-c1ccn(-c2cccc2)n1)n1cc(F)cc1,False
COc1ccc(NC(=O)C(=O)c2cccc3s2)cc1C2,False
CN(C)C(=O)C1CC2N(c3c(cc3cc([nH]4c(C(C)=O)n4)C3)CC2)C1,False
Cc1ccc(C(=O)N2CCCN(C(=O)c3ccccc3OC)C2)[nH]1,False
-Cc1csc(CCOCOc2ccc(F)cc2)n1,False
C=CCNC(=O)NC1(C(=O)NCn2ccn(Br)c2)C1C1,False
CN1C(=O)c2ncc(C(=O)Nc3cccc(N4CCC4)s3)C2C1,False
Cc1cccc(S3CCN(C(=O)O)Cc3cc4ncccc33C)[nH]1,False
O=C(C1C1)Cc1ccncc1N1CC(C(N)=O)2,False
O=C(Cc1ccc(Cl)c1)NCn1ccn(-n2ccnc2)c1,False
COc1ccc2c(c1)CC(=O)N(C)C(=O)N3CCCC1NCC2,False
O=C(ONc1ccc(F)cc1)N1CCN(C(=O)c2c[nH]c2)CC1,False
CC1CCC(=O)NCN1C(=O)N1Cc1ncnc(C#N)c1,False
CCC1CCCN1C(=O)CC1CC(C)N1C(=O)CS1=O,False
Cc1cc(F)cc(N2CCN(c3cccn3)CC2)n1,False
Cc1cccc2cc2n(CcN(C)O)cn1,False
Cc1ccc(C(=O)NC2CCN(Cc3nnc(CCC4CCO=O)n3)C2)cc1,False
O=N(CC(F)(F)(F)F)C1(c2ncn[nH]2)CCC1=O,False
Cc1cc(CCCC)cn1C(=O)N1CCC1CC1=O,False
CCCOc1ccc(CNc2nc(C)nc3nn3c(C)ccn23)c1,False
Cc1ccc(CN2CCN(C(=O)C3CCC(N4)ccccc3)C(C)C2)c1,False
COc1ccc(C(=O)Nc2ccc3c(c2)CO3)c1,False
CC(C)C(=O)N1CCN(C(=O)C2CCCOC2)CC1,False
O=C(Oc1ccnn1)N1CC(c2cc3ccccn3c(F)c2=O)OC1,False
CCCNC(=O)Cc1nnc(Cc2ccnc2)n1,False
COCCCCN1CC(=O)c2cc(NC(=O)C3CC3)n2C2n1,False
COCC(=O)NC1CCCN(S(=O)(=O)c2ccccc2)C1,True
CC(C)CN(CC1CC1)c1cccc2c(c2c(=O)CCO3CC3)c1,False
COC(=O)c1ccc(C(=O)NCCCc2ccccc2)cn1,False
CCOCCNC(=O)c1ccc(OC(=O)Nc2ccc[nH]2)cn1,True
Cc1cccc(N2C3NC(C(=O)NC3CCC3)CC2=O)c1,False
O=C(Nc1ccc(F)nc1)N1CCc2cc(F)cn2C1,False
COc1cc(C(=O)N(C)C(C)c2c(-c3ccccn3)nn2)cc1,False
O=C(NCc1cccn1)NC(c1cnc(F)c1)C1CC1,False
COCCn1cc(-c2cc(F)cc2F)cn1,False
Cc1ccccc1OC(=O)C(C)Oc1ccccc1O,False
O=C(NCc1ccnnc1)c1ccc(-c2cccnc2)c1,False
CC1C(C)C(=O)n2nc(CN3CCCCC3C2)n1,False
CN(C)C(=O)Oc1cc(C(=O)N(C)C(C)N2CCCC2)c1,False
COc1ccc(C)c(N2CCC2CN2C(=O)C2)c1,False
COc1ccc2n(C)c(N3CCC4)n(-c3ccnccc3)c1Cl,False
COCCSc1noc(C(=O)NS(=O)(=O)c2ccccc2Cl)c1=O,False
Cn1nn2sc(C(=O)NCc3cnc4cc(=O)ccc4nc3F)c2cc1C,False
Nc1ncc(Br)cc1OCCCN1CCO1,False
O=C(NCCC1CCC1)Nc1c(Cl)ccc1Cl,False
CCCn1nc(-c2cc[nH]2)c2ccccn2n1,False
COCC(=O)C1CC(N(C(=O)c2cnc3ccc(n3)[nH]n3)C1)CCC1,False
CNC(=O)N(C)C(=O)CN1CCC(C)CC1Oc1cccc1C1,False
Cc1coc2nc1C(C)c1cc(C(=O)NCC2CCC1)n1,False
Cc1ccc(-c2ncn(-c3ccn(N)c4c(=O)ccn4o3)c2)cc1,False
COCCSc1nnc(CNc2ccccc2OC)n1,False
N#Cc1ccc2c(c1)NC1CCCN(C(=O)N1C)CCC2,False
COCCCn1nc(-c2cccc(OCl)s2)n1,False
O=C(COc1ccc(F)cc1)N1CCCN(c2ccccc2)C1,False
Cc1cc(C)cc(CNS(=O)(=O)NC2CCCC3)c1,False
O=C(NCCc1ccccn1)c1ccc(CN2Cc3ccnc3=O)n1,False
CSc1nnnc1Nc1cc#C2OCCC2N,False
O=C(CCCC1CC1)N1CCCN(C(=O)c2ccccc2)CC1,False
CCCNC(=O)c1cc(=O)oc1-c1nc2c(c2cc(Cl)n2)c(C)n1,False
Cc1nc(N2CCCCCC(O)C2)cn1)c1csc1,False
CN(C)C(=O)CN1CCCN((c2nsc2Cl)CC1)C1,False
CCCCNC(=O)N(C1CC1)c1cc2c(s1)C2,False
O=c1sc2cnc(Cc3cccc(Cl)c3)c2c1C,False
O=C(Nc1ccccc1)c1ccc(Br)c1F,False
O=C(NCc1ccsn1)CC1CCN(c2ccc(F)cn2)CC1,True
COc1cc(F)c(C(=O)Sc2cn(C)c3[nH]2)c1,False
CCCNC(=O)CC1c2cc(c1)CCO2,False
CCCN(CC(=O)NCC1CCC1)c1nc2c(c1)OCCC2,False
COc1cccc(NC(=O)C2CC(C)(CN4CCCC3=O)C2c1)c1,False
Cc1csc(NC((=O)c2ccc(F)c2F)c1OC,False
Cn1cc(C(=O)Nc2nc3cc(s3n2)C3NCCc2cccc3)4n1=O,False
O=C(c1cccc(N2CNc3nnnc3-n2c3cccnc3)c1,False
NC(=O)c1cc(CN2CCC2=O)cn1C(CC2CC1CC2)O,False
O=C(CCC(=O)c1ccccc1F)c1occn1,False
CNC(=O)NC1=CN2CCN(C(=O)c3cccn3)CC2CC1,False
Cc1cc(N(C)c2ccco2C(=O)C)nn1C1CCCN1,False
COc1cc(F)c(Br)cc1S(=O)(=O)NC(F)(F)F,True
Cc1oc(CC)c(=O)[nH]c1NCSc1cccc1,False
COc1ncccc1SC(=O)N1CNC(=O)c2ccc(C)c2C1,False
CCOCc1ccc(N)c(C(=O)C(=O)N(C)C)c1,False
CC(=O)N1CCN(C2=CN(c3nnccc4cs4CC4)C2)CC1,False
CCCC(C)c1nc(-c2ccc(OC(O)=O)o2)n(C)c1,False
CNC(=O)c1cccc(C(=O)NC(=O)C2CCC2CCCC2)c1,False
CCOCCOc1cccc(C(=O)NC(=O)CC(C)C)c1,False
Cc1n[nH]c(CCC(=O)NC(=O)c2ccc(C)c(C)c2)c1,False
CCn1ccc(CNC(=O)c2ccccc2O)c1N(C)C,False
COc1ccccc1NC(=O)N(C)C(=O)CC1CC(C)C1,False
CCOc1cnnc(-c2nnc3c(c1)C3)OCCCN3=O,False
O=C(Nc1ccccc1Cl)c1ncnc1CC1CC1,False
COCCN(C)C(=O)COc1cccc1F,False
COc1ccc(OCC(=O)N(C)C)cc1Cl,False
COc1cc(C)c(ClSc2cccc2)c1,False
COc1ccc(C(=O)CN(C)CCCC(=O)C)cc1,False
CNC(=O[r)c1ccc(NC(=O)c2cccc(F)c2F)n1,False
COCCN(Cc1nc(Cl)nc1)c1cccc1Cl,False
O=C(c1cc(F)ccc1F)N1COc2cccc(C#N)c21,False
CCCO1CCC(NS(=O)(=O)c2ccs2)CCC1,False
Cc1ccc(C2CN(Cc3nc(O)ccc3F)CCO3)cc1,False
CN(CCOc1ccccc1)C(=O)N1CC(OCO)C(OC2)C1,False
O=C(CSc1nc2ccccc2[nH]1)Cc1cco1,False
Cc1ccc(C(=O)N2CCC(C(=O)N(C(C)C(C)C)CC2)cc1,False
Cc1ccccc1NC(=O)N1CC(c2cc2)CN1CC(c2cco2)C1,False
COc1cc(O)c(NCC(=O)N2CC2)c1OC,False
CCCCN(C)C(=O)c1nnn(-c2cc(CCl)cc2)c1=O,False
O=C(c1ccc(F)c1)NCc1nc2nncc3c1c1ccccc12,False
COCCCCN1CCCC2C(-c3nc(C)no3)CC2C1,False
Cc1ccc(C(=O)NC(=O)N(C)CC)cc1,False
Cc1cc(C)c2c(Br)c(=O)ccc2n1,False
CC(NC(=O)c1ccnn1)C1(C(=O)NCCOCCC(C)O2CCCO2)C1,False
CC1CCN(C(=O)CC(O)c2cc(F)ccc21)c1cc(F)c(F)O,False
O=C1CC(N2CC2(CCN(c3ccccn3)C2)Oc2cnncn2C1,False
COc1cc(C(=O)c2ccc(Cl)c2)n(C)nn1,False
CCOc1ccc(NC(=O)CNc2cccc3cc(c2C)CO3)cc1,False
C[c1ccc2c(n2CC(=O)Nc1cccc1F)C(N)=O,False
COOCC1CCCC1c1c[nH]c(=O)c1C(=O)N1Cc1ccccc1,False
COc1ccc(CCNC(=O)N2Cc3nc3c(c3ccnn4)n3)cc1,False
COc1ccc(N)c(N2CCN(C(=O#O)Cc3ccccc3)C2)c1,False
CCC1CCN(C(=O)2CCc3cc(Cl)cn3)nn2CC(C)CCC31,False
Cc1cc(C)cc(NC(=O)Nc2cc(-c3ccnnc3)cc2)c1,False
C#NCc1ccccc1C(=O)N1CC(Oc2ccccc2)CC1,False
COc1ccc(C)c1CNS(=O)(=O)NC1CC=O,False
CCN1CCN(C(=O)c2cc(S(=O)(=O)=O)cc3cccc3c2)CCC1,False
Cc1ccccc1CC1CCNC(=O)c1ccc(F)c(Cl)n1,False
NC1CC(C(=O)NCc]c2cccco2)CC1C1,False
Cc1ccccc1N1CCC2C(CN3C(=O)C3CC3)C(C)CC2,False
COc1cccc(N2CCNc3ccc(F)cc3F)c1,False
CC1C(C)(C(=O)NC2OCCCOC2)C1C1C1CC1CCN1,False
CC1CN(C(=O)c2ccc(F)cc2)CNC(=O)c2cc(C)ncc21,False
COc1ccc(-c2nc(C)c(NC(=O)NCc3ccccc3)n2)cc1,False
Cc1cc(COc21ccc(C(F)F)c(F)c2)oo1,False
Cc1cc(C)ccc1C(=O)N1CCc2[nH]c(O)c(Cl)c2,False
CCOc1cccc(OC(=O)OCc2ccc(OC)c2)c1,False
N#Cc1ccc(-c2ccc3c3c(c2)CCCC3)cc1,False
O=C(c1ccccc1)NC1Cc2nc(-c3ccccc3)nnc21,True
O=C(Cn1cnn2nnc(C3CCC(=O)N3CCC3)c1Cl)C1,False
CCOC(=O)CNC(=O)N1CCN(C(=O)Cc2cc(F)cc2)C1,False
O=C(c1cnc(-c2ccnc2)n1)N1CCCC1C1CCC1,False
COCC(=O)N1CCN((C(=O)c2ccccc2C)CC1(=O)N,False
Cc1ccc(-c2nc(C(=O)N3CCC3)n2)cn1,False
Nc1ccc(-1)n(C(=O)N(Cc2ccs2)cs1)n1,False
Cc1ccc(CSc2nncc(NC4CCC3)n2)nc1,False
CC(NC(=O)c1c(OC)ccc1)c1cccc2c1COCCO3,False
CCCn1cc(Sc2ncc3c(=O)c3ncc3c2)cn1,False
CSc1nc(CNS(=O)(=O)c2cccnc2)n(C)s1,False
COc1cc(F)ccc1C(=O)N1CC(Cn2ccccn2)C1,False
Cc1ccc(NC(=O)N(C)(Cc2noc3c(c3ccs3)CC3=O)c1,False
O=C1CC1(=O)Nc1ccn(N2CCCCCO2)c1,False
O=C(Nc1ccc(Cl)c1)Cc1cc(Cl)cn1,False
Cc1noc(C)c1C(=O)N1CCCCc2ccccc21,False
N#CCCNc1cccc(C(=O)NCOc2cc2)c1,False
CCCNC(=O)CCOc1cc(F)c(F)c1,False
O=C(NCCOc1cccc(-c2cccc[nH]2=O)c1)Nc1nnccc1,False
NS(=O)(=O)c1cc(2CN(CC3CCC3)ccc2c1)cc2cccc2,False
Cc1cc(Cl)ccNC(=O)NCCc2ccc(OC(F)F)[nH]2)cc1,False
COCCNC(=O)c1ccc(C#N)c1,False
CCC(=O)NCC(=O)N1CC1Cn1cnc(NCc1cccn1)cn1,False
COC(=O)c1cc(NC(=O)c2cc(-c3cncn3Cl)s2)cc1,False
Nc1ccc(Br)cc1F)c1nn2n1cc(C(C)C)cc2c1,False
CC(=O)Nc1cc(NC(=O)C(NC(F)F)Fccc1)ccc1OC,False
Nc1ccc(NCc2ccc(Cl)c2)n1,False
CCOc1cc(Cl)cc1NC(=O)N1CCN(c2ccc(Cl)cc2)C1,False
Cc1cn3c(c2c(=O)OCC3C(C3)CCCOCC4)cs2n1,False
Cc1cc(Cl)(S(=O)(=O)NCc2ccc3n(c3ccccc4[3)cc2)cnH]1,False
O=C(Nc1con(-c2cc3ccccn33)s1)N1CCCC1C1,False
COc1ccc(C(=O)Nc2ccnc2)cc1,False
CN(Cc1cccc2nc2c1n1)CC1C3CCC2n1(=O)CC1,False
COc1ccc(NC(=O)Cc2ccc[nH]2)c(F)c1C,False
C#CCCC(=O)c1cc(NC(=O)c2cc(Cl)cc2)cnn1,False
COCC(=O)COc1cc(C)c(O(=O))c(C)c1OC,False
O=C(CCCO)c1cc2c(c1)OCCC(=O)N3CCC3CC3)ccc2c1,False
O=C(c1ncnc(N2CC(C3=O)N3CC3)n1)c1cccc1,False
Cc1nnsc1CCNC(=O)NC1CCN(c2cccc2CO)n1,False
CCN1CCC(C(=O)NCC2c3ccc(F)cc4l)nn2N1,False
Cn1ccc(CNC(=O)CC(=O)N2CCC2(CC)CC2)c1,False
CNC(=O)NC(N(C)C(=O)Nc1ccccs1)c1nc2c(c1)cccc2c1,False
O=C(NCc1ncccn1)c1nncn1,False
C(CC)c1cccc(NC(=O)c2cccn2)c1,False
CCCOc1cccc(C(=O)Nc2n[nH]c3ccccc(=O)c33)c1,False
COc1ccc(OCCC1CC(=O)NCCCCC1)n1C,False
O=c1occc1NC(=O)c1ccc(-c2nccco2)n1C,False
CCN1CC(C(=O)N(C)C2(c3ccco3)CCC2)Cc1no1,False
CNC(=O)c1cc(C)nc1-c1ccc(OC)c1,False
O=C(NCCc1[nH]c(Cl)c2cccc(F)c12)NCOC1CCC1,False
COc1cccc(Cc2[nH]cc(NC(=O)C3CCOC3)c2c1,False
Cc1ccc(C2=O)n(CC(=O)N3CCCC(c3)CC3)n2ccc1,False
CCC(=O)c1c(C)cc(NC(=O)CC2CCCC2O)c1,False
CNc1nnc(CCC(=O)c2nnc3c(c2c1)C3)C2,False
NC(=O)c1n[nH]c(Br)c1=O,False
COc1nc(-c2cc(C3CCCN3CC3)c(Br)c2)cc1,False
COC(=O)C(Nc1cnc2ccc13CCC2)NC(=O)C1CCC1,False
CC(=O)CCNC(=O)c1ccn(-c2ccccc2)o1,False
Cc1ccc(NC(=O)c2cccc(F)c2F)cc1F,False
O=C(Cc1ccnc2c1)OCCCC2CC1,False
CCOc1cccc(-c2nnn(Sc3ccccs3)c2)c1,False
CCCN1CCN(C(=O)NC(=O)C2C(C)C,False
CCN1CC(C(O)=O)NC(C)(=O)c2ccccn2)C1,False
O=C(NCc1ccccc1)Nc1cccs1,False
CCn1c(CNC(=O)Cc2cc(F)ccc2Cl)c2ccccc21,False
C#CCNC(=O)c1cc(N)cc(C(N)=O)c1,False
CCCOc1ccc(C(=O)Nc2cc(F)cn2)cc1,False
O=C(COc1ccnc1F)NCc1nc(C(=O)NCC2CCCO2)cc1,False
CSc1ccc(N)cc1C(=O)C(OCc1cccc(N)n1)c1cccn1,False
CCCN(CC)C(=O)c1cccc(C(F)(F)(F)F)c1,False
CC(NC(=O)CSc1nnc2c1nccn2c1ccccn1)C1,False
CN(CCc1nnc(C)c1)c1ccccn1N1CCCO1,False
O=C(c1cc(O)ccc1)Nc1ccc(CC(O)Cc2nccs2)cc1,True
COc1ccc(OC)c2c(c1O)c1nn(-c1ncnc1)c1,False
CN(CCC1CCC1C1)c1cc(C(=O)N2CC2)cc1OC,False
O=C(Oc1ccc(O)c(Cl)c1)Nc1ccc(F)c1,False
NS(=O)(=O)C1NCCNc1nnc(CCC1)c1ccc(F)c1,False
O=C(Cn1csc(-c2ccc3cccc(3)n(C4)n23)s1,False
O=C(c1cccc(Cl)c1)NCN(CCC1(=O)N1CCCC1)C1,False
O=C(Cc1coc(C2CC2)n1)n1ncncCC1N1CNC(=O)C1,False
CCc1cc(C(=O)N2CCN(C(=O)c3ccccc3F)CC2)[nH]c1,True
O=C(-c1ccnc(Cl)c1)NCCOCc1ccccc1,False
CC(C)NC(=O)c1ccn2nc(CCC(C)=O)c12,False
O=C(Cc1ccc(F)c1)N(C(=O)Cc1noc2cccc2)CCC1=O,False
CS(=O)(=O)c1c(=O)ccc1Oc1(c1cccc(Cl)cc1)=O,False
CN(CCl)C(=O)NCn1cnc2ccccc12,False
COCCCNC(=O)c1ccc(F)c1,False
CC1CN(C(=O)Nc2cc(Cl)cc2=O)C1c1cccc1,False
O=C(COC(F)FC1)N1CCN2CC(NC(=O)c3nccc3C2)C1,False
Cc1ccccc11CCN(C(=O)NC(=O)c1ccc[nH]1,False
CC(C)NC(=O)NC1CCCO1)C(OC(c1ccccc1)C1,False
COc1cc(C(=O)NCC2CC2)nc(-c2cncn2)ns1,False
Cc1ccc(OCCCS(=O)=O)c1,False
CCCC(=O)Nc1c(C(=O)N2C(CC(C)C)nc2cccc(F)c1,False
O=C(CCC(=O)NC1CCC1)NCC1CCN1C(=O)(C1=O)C1,False
Cc1cc(C(=O)OC)cc1Nn1cc(C)c(C)n1,False
COc1cccc(CN[nH]c2ccc(NCC#N)n2)c1,False
COc1ccccc1NC(=O)NCC1C1CCCC1S1,False
CCS(=O)(=O)Nc1cc(-c2ccncc2)n[nH]1,False
CC1CCN(C(=O)C(c2ccc(C)cc2)CC1O,False
Cc1ccc(CN(C)C(=O)c2cc3c(c2)CCCO3)cc1,False
COc1ccc(C2(N)C(N)=O)c1C(=O)c1ccc(F)cc1,False
O=C(NCCc1ccccc1)C1CN(C(=O)Nc2ccccc2)C1,True
C=CCNC(=O)c1ccc(NC(=O)c2cc[nH]2)cc1F,False
CC)C(=O)c1nc(CN2CC(CC(N)=O)CCc3cccc3F)nc1,False
CC(C)c1nn(CCCNC(=O)c2ccccc2)cc1,False
Cc(N)c1nn[nH]c(Cc2ccccc22)c1OCC(=O)O1=O,False
Cc1nn(CC)c(C(=O)Nc2nc(CC3CCC3)c(O)n2)c1C,False
CC(C)C(C)Nc1cccc(NC(=O)c2cccc3c2)c1,False
COc1ccsc1NC(=O)C1CCN(C(=O)C(=O)COc2ccc(C)cc21,False
COC(=O)CN(C)c1cncc(NC(=O)c2ccccc2C)c1,True
CO=CCCC1CCCCN1C(=O)C1Cc1cc(F)c(F)cc1,False
CS(=O)(=O)CCCN1CCN(C(=O)c2ccn3c(sn3)CC3)C1,False
Cc1ccc(CC(N)=O)cc1Cn1cccn1,False
CCC-CNC(=O)Nc1ccc(N(C)=O)n1C(=O)c1cccc1,False
CCCNC(=O)N1CCCc2nccc3c12,False
CC(C)N1CC(=O)NCOc1cccc1N1CCC1,False
CCNC(=O)C1CCN(C(=O)c2nnn3ccccc3cn2)CC1,False
CC(=O)c1nnc2c(-c3cc(F)cc4c(F)ccc3[nH]2)n1,False
COC(=O)OC1CCCN1(Cc1nnn1CCC1)C1C2cc2c(c1)CC1,False
O=C(NCc1ccccc1)C(=O)N1CC(C1=O)N(C(=O)C1)CCC1,True
Cc1ccn(NC(=O)CN2CC(=O)c3cc(C(N)=O)nc3cc23)c1,False
Cc1cc(Cl)c(CN)c1OC(=O)OCOC(C)C,False
CC(C)COCNC(=O)CN1CCc2ccc3n(C)cc21,False
O=C(c1c[c[nH]c2cccc(F)c12)NCC1CC(=O)OCCC1,False
CCCCNC(=O)c1cc(Br)c(C#N)c1,False
O=C(c1ccccc1)NCCC1CCC1c1ccncc1,False
COC(=O)C(NC(=O)C1(C)(C)C(=O)N(C)C)C1CC1,False
NC(=O)NC1CC(=O)c2ccc(=O)[nH]2)C1CCN(C(=O)c1C,False
3nc2cnc(-s3c(=O)nc(C)c4cccc4n14)CCC2,False
O=C1NCCC(=O)N1CCC1c1cccc(F)s1,False
F=C(C(=O)Nc1ccoc1C(F)(F)F)c1cnc2cc(F)ccc2cc1,False
COC1CCC1(=O)c1csc(-c2nnc3cccc(F)c3n2)c1C,False
Fc1ccc(NC(=O)NCCN2CCC1)c1ccc(F)c1,False
O=C(NCC1CCc2n(Cc3ccncc4cc23)CC1)1,False
CCn1cc(C)c(Nc2ccc3nc(CCC(=O)N3CCC3)cc2)c1,False
COc1ccccc1CCCNC(=O)COC,False
CCc1ccc2n1CC(=O)NCCC1CC(=O)c1ccc(C)c1F,False
CN(CCc1ccc(S(=O)(=O)=O)cc1)C(=O)c1cccc1,False
Cc1nc(C(=O)N2CCCC3(N)c3ccccc3Oc2)cs1,False
Cc1nn(NCc2cc(C(=O)N3CCC)s2)c(C)c1Cl,False
COc1ccc(-n2cc(OC)s2)cc1OC,False
COc1ccc2oc(C)c(C#C)cc2n1-c(C)n1ccccc1=O,False
Cc1nc2cc(O)c(CC(=O)NC(C)C)o2c1N,False
CC(C)C(=O)N1CC1(c2ccc(C(F)(F)F)cc2)C1=O,False
CC(=O)NCNC(=O)Cn1nnnc(-c2ccccc2)n1,False
CC(C)OCCO=C(=O)N1CCC(C(N)=O)c1ccc(F)c1,False
Cc1ccc(C)c(C(=O)NCC2C(C(=O)NC3CC(N)CC3)CC2)n1,False
COc1cccc(C(=O)NCc2ccc3c(n2)CCO3)c1,False
CCC(c1ccccc1)C(=O)N1CCN(c2ccn3ccnc3c2)C1,False
Cc1ccc(-c2ncnc(-c3cccco3)o2)cc1,False
CNC(=O)CCN1CCN(c2cccnc2F)C1=CC,False
CCOC(=O)N1CCc2ccccc21,False
CNS(=O)(=O)c1c(=O)occ1CCc1c[nH]c[nH]1,False
Cc1cc(CNc2cc(C(=O)C(O)C3C)o2)ccc1,False
COc1ccc(Cl)c(-c2ncnc2C)c1,False
CC(C)C(=O)Nc1ccn(NC(=O)c2ccc3ccccc3s2)c1,False
CCN(CCn1cc(C#N)cc1F)C(=O)N1CCC1,False
NC(=O)CNc1ccccc1C1CN(C(=O)c2nnc(-c3coc3)n2)CC1,False
CC1CC(C1CCN(Cc1nnn2ccc2)C1)c1ccc(=O)[nH]1,False
Cc1noc(C)c1CNC(=O)C(c1cccc(Br)c1,False
CCCCC(=O)N(C)c1cc(CC(=O)Nc2ccnc2C)cc1,False
Cc1nc(CNc2ccccc2CC2=O)nc1C1CCCC2(C)CC1,False
NC(=O)N1CCCCN2C(c3nc(CC4C4NCCC4)nc3C2=O)C1,False
CCc1nc2c(nc3n3CC(CO)C(Cc4ccccc3)no3)n2n1,False
CCC(C)OC(=O)C1CC(c2cc(=O)n(C)c2)C1,False
COc1ccc(-c2nc3c(CC4=O)cccc3c2c1,False
CCOc1nc(SC(=O)C2C(n3c(N)c3ccccc3)C2)nn1,False
Cc1nsc(SCc2ncnn2)c1N,False
Cc1cc(-c2ccccc2)on1C(=O)NC(=O)c1cccc1F,False
Cn1cc(C)cc1C(=O)c1cc(N)cc(OC(F)F)n1,False
CNC(=O)c1cccc(NC(=O)Cc2cnoc2CC2C2)c1,False
Cc1ccccc1Nc1nnnc1CC1CC1,False
CCOC(=O)c1cccc(CC(N)=O)c1,False
NC(=O)C1(CC(C)NC(=O)N2CCCC(c3cccc3)CC2)NCC1,False
Cn1cc(C(O)=O)c(Br)cc1C(=O)N1CC(C)C1,False
COc1ccccc1NC(=O)c1cc(C)nn1,False
CCC)c1cccc(NC(=O)c2ccc(Cl)c(C(N)=O)c2)c1,False
COCCCCNC(=O)c1cc1OC(N)=OC(C)C1,False
COC(=O)NC1CN(c2nc(C)c3ccccc34)nn2CC3C1,False
Cc1ccc(NC(=O)COc2nc3ccccc3[nH]2C)n1,False
COc1cc(COC(F)F)cc1NC(=O)c1nnnn1,False
Cc1cc(C(=O)NC23CCCCN(C(=O)C3CC3)C2)c(C)cc1N,False
NC(=O)N1CN(Cc2ccccc2)C(=O)c2cccc2ncc(OC)c12,False
COc1ccc(F)cc1NC(=O)Nc1nn[nH]1-c1ccccc1,False
CCCNSc1ccc(=O)c(CN2CCOCC2)c1,False
O=C1CCN(C(=O)Nc2ccccc2F)C1c1csnn1,True
Cc1cc(NC(=O)NCCNC(=O)c2cccc3ccccc33)cc1,False
O=C(NCc1ccccc1)c1cc(-c2ccc(Cl)c2)o1,False
O=C(C=O)Nc1cnnc(Sc2ccccc2CC2)c1,False
CCOCC1CCCN(C(=O)c2cc(C(=O)N3CCCC3=O)c2C1,False
O=C1CCCN(C(=O)Nc1cccn1)c1cc2c([nH]nc13,False
Cc1cc(C)nc1C1CCN(C(=O)c2ccc(C)n2)C1,False
Cc1ccc(C(=O)N(C)COC)c1OC(=O)c1ccccc1,False
C=Cn1ccc(NC(=O)c2ncncc3ccccc33=O)c1,False
Cn1cn(C)c2nc(C(C)CCN(C(=O)c3ccccc3)nnn2)c1,False
COCCC(C)NS(=O)(=O)c1ccc(Cl)cc1,False
COCCN(C)C(=O)c1ccc(CNC2C2=CCCCN2)c1,False
Cn1nc2c(c1)cn2cc(c1=O)N(C)C1c1ccc(F)cc1,False
O=C(c1cccn(Br)c1)c1c=O)[nH]c2cccc2c1,False
CNC(=O)CC(=O)N1CCN(c2ccc(Cl)c2)CC=O,False
COc1ccc(S(=O)(=O)c2ccc(C)c2C)cc1,False
CCOCC(=O)NCCN1CCC1C1C1,False
Cc1nncc(NC(=O)c2ccc(NC(=O)C3CC3)c2)c1N,False
O=CCNC(=O)c1ccnc(Cl)c1,False
CCC(NC(=O)C(N)C(=O)C1CCC1)c1ccc(C)c1C,False
Cc1nn(Cc2ccccc2F)c(NC(=O)NCC(=O)c2ncco2)cc1,False
CCNC(=O)CCOc1ccc(-n2nnn22)cc1,False
CCn1nc(C(=O)Nc2cccnc2)c(SC)n1C,False
Cc1nnc(C2C3CCCN3C(NC(=O)OCC3)CO3)c(C)c1,False
CCn1c(-c2noc(N2CCCO3)n2c2nccccc23)ccc1,False
COC1CN(C(=O)c2cncc3c3cc(c2)CO2)CC1,False
O=C(NCC(F)(F)F)c1ccn(-c2cccc(F)c2)c1,False
O=C(NC1COCCC1)c1ccc(OC2CCCC2)c1,False
O=C(CSC1=CCCC1)CN1CCCO1c1ncccc1,False
O=C(Cc1ccc2c(c1)COCC2)cc1ncnc1,False
Cc1ccc(NC(=O)N2CCC(c3cccnn3)C2C)c1,False
CCOCCOCCNC(=O)c1ccc(F)cc1,False
Cc1cc2c(c1)NC(CC1=O)CCO2CC1C1,False
COCCOC(=O)c1ccc(C2CCC2)c1,False
CC(NC(=O)Nc1ccnn1)c1ccc(S(F)(=O)=O)[nH]1,False
Cc1cc(Cl)cc(CN(C)C(=O)N2CCCCC2)c1,False
CSc1ccc(N2Cc3ccc(C(=O)Nc4nccc4)n2)cc1=O,False
O=C(CO)c1ccc(N2CCC2)s1,False
COc1ccc(NC(=O)CCN1C(c2cncc(F)c1)CC3)c1,False
Cc1nc2ccccc2n1CC(=O)N1CCC(Oc1ncnc1)C1C2,False
C=CCNC(=O)Cc1ccnc1NC(=O)C1CC(C)CC1,False
COCCC(=O)N1CCC1N(C(=O)Cc1cc[nH]c1)CC1C,False
Cc1ccc(SC(=O)(=O)N2CCC(CO)C2)c2ccccc2n1,False
COCCNC(=O)c1cc(Cl)c(NC(=O)c2ccnc(C)c2)c1,False
Cc1noc(C)c1NC(=O)c1cn2cc(OC)ncc2n1,False
NC(=O)COc1ccc2c(c1)OCCC(c1ccccc1)C2,False
CCCN(Cc1nnc(CC)o1)C(=O)c1cc2cCCC2,False
COCCN(CC)C(=O)N1CCN(C(=O)C2CCO)CC1,False
O=C(Cc1ccc2[No1)NCCC(Cc1ccc[nH]1)c1cccc1,False
Cc1nc(Cc2cccc(C#N)c2)nn1,False
COC1CC(C(=O)NC(C(=O)c2ccc(F)cc2)CCC1,False
COC(=O)N1CCCC(c2ccc3c(c2N(C)=O)C2)c1cccc1,False
COc1ccccc1C(=O)NC(=O)c1nc3ccccc2n1,False
Cn1nn(-c2ncc(Br)n2)n1-c1ccccc1,False
CCC(N)C(=O)Nc1ccc(CN2CCC2)c(C)c1,False
CCNc1ccc(C(C)=O)c1NC(=O)c1cccc1,False
Cc1cc2c(c1)NC(=O)N(C)COC(C)C1C(=O)c1ccccc1C,False
CC(C)OC(=O)CN1CCN(C(=O)c2cc(F)cc2F)CCC1,False
C=CC1CCCN(C(=O)N(C(=O)c2cccc(Cl)c2)CC1,False
COc1cc(C(=O)NC2CCC(=O)COc3ccccc3)cc2n1,False
COc1ccc(C(=O)Nc2cccc(C(C)=O)c2)s1,False
CCn1cc(-c2ccc(=O)s2)c(C(=O)Nc2ccc(F)nn2)cn1,False
Cc1ccc(COCCNC(=O)CO)cc1N,False
COCCOCC(=O)NCc1ccccc1,False
COCCCOC1=CC(C)c2cc(N(C)c3nnno3)nnc21,False
Cn1ccc(C(=O)Nc2cc3ccc(C)n3n2C2=O)n1,False
COc1ccc(NC(=O)Oc2ccc(N(C)=O)c(C)c2)c1OC,False
CCn1[nH]c(CC(=O)C2CC2CCC2c2ccc(F)cc2)s1,False
COCCCN1CCCCN1C(=O)c1cc(N)cc1,False
NS(=O)(=O)c1cc(C2CCC2)oc1C(=O)NC1CC1C1,False
CCOc1cc(COC(=O)CC2(C)CO1)c1ccc(O)c1,False
COc1cnc(C(=O)NCC2CN(C(=O)c3cccc(C)o3)CC2)c1,False
Cc1c(C#N)ccc1NC(=O)Nc1cn(C3CC1)s1,False
CCOc1cc(NC(=O)c2cc(F)c(Cl)cn2)cc1O,False
COc1ccc(CNC(=O)Nc2ccncn2)cc1C,False
COC(=O)CCN(C)C(=O)CNc1ccccc1F,False
CN(Cc1ccc(F)cc1)C(=O)NC1CCN(c2ncccc2)C1,True
Cc1nnc(C2CCC(OCC3)CCC2=NC(=O)C2C2)c1,False
Cn1cc(C(=O)NCc2ccc(Cl)s2)cc(N)o1O,False
O=C(NCC1CCC1)n1n(N2CC(C(=O)c3ccccc3)CC2C1,False
Cn1c(CCNC(=O)NCc2cccc3c2c1)cnc1CCC2,False
CN(CCC)C(=O)C1CC(=O)C2c1nc(C)n(-c2ccccc2)n1,False
O=C(Nc1cncn12CCN(C2=O)CC2)c1ccc(F)c(F)c1,False
O=C(NCc1ccccc1)c1cc(-n2ccnc2CC2)c(1)n1,False
CCOc1ccc(-c2nn(CC(C)C)c2)n1,False
Cc1nc(CCN2c(c3ccccc3[nH]3)CCCCC2)nn1,False
O=C(n1nccn1)N1CCCC21(c1cc[nH]1)CC2CC1,False
COC(=O)c1ccccc1Cc1ccc(C(=O)N2CCC2)c1,False
Cn1cc(SC)ccc1C#N)c1cc(C)cc1,False
CCO)CCCC(=O)N1CCC(N(C(=O)c2cccc(OC)c2)C1,False
CNC(=O)C1CC(c2cc(C(=O)N3CCN(C)CC3)n[nH]2)C1,True
COCC(=O)c1nnc(-c2ccccc2)n1,False
Cc1nc(CC(=O)NCc2ccc3c(c2)cc(s3)cs2)n1,False
CC(C)(C)OC(=O)N1CCCN(C(=O)Oc2cccc2)C1C,False
O=C(C1CC1)N1CCN(c2cc3cccccn3c2)CC1,False
CCCCCCNC(=O)N1CCN(c2nnc3cccc3s2)CC1,False
O=C1CC(CO)C1OCC1c1cc(F)(F)ccn1,False
Cc1nn(C)c1OCCC(C(=O)N(C)Cc1cccF)C1,False
N#Cc1ccccc1NCCc1nnc2c(n1)C(C)C4,False
CCOc1cc(C(=O)NSc2ccccc2=O)cc1Cl,False
CCN(CCCCCC(=O)s1cnc1)C(=O)N1CCC1,False
Cc1ccc(CC(=O)N2CCc3cc(OC(F)(F)F)nc3s2)cc1,False
COCN1CCCC1C(=O)c1ccc,False
Cc1ccc(N)c2[nH]c(=O)cc(C(=O)NCC(=O)Cc3cccnc3C)c2)1,False
COc1ccccc1NC(=O)COCc1sc2c(s1)CC3,False
CCCC(=O)Nc1cc(CNC(=O)N2CCCCO2)c(C)c1,False
CC(NC(=O)c1ccccc1)C(=O)Sc1ncc2n(C)c(=O)[nH]2,False
COc1ccc2n(C)c(CC(=O)NCCC(F)F)cn2c1,False
COCCNC(=O)c1cc(O)c2c1c(c1)n2c(c1)CC2,False
COc1cccc(C2CN(c3nccc(Cl)c3F)n2)c1,False
NC(c1cccn(F)c1)C1CN(C(=O)c2ccc[nH]2)CC1C1,False
CN(Cc1ccccn1)C(=O)Nc1nnc2scc2c1F,False
CCNC(=O)c1ccc(OCS(=O)(=O)c2ccc(F)c(F)c2)cc1,False
CC(=O)N1CCCN(C2CC(=O)Oc3cc(c3c(F)ccc4)[nH]2)C2CC1,False
C=c1cc(C(F)(F)F)sc1CC(=O)NCC1=O,False
CCCNC(=O)Nc1cc(-c2n[nH]nc2)c(-c2cccc2O)c1,False
Cc1cccc(NC(=O)CN2CC(C(C)O)CCC2c2nc(C)n2)c1,False
O=C]c1cc(Cl)ccc1C(=O)N1CCC1C1,False
Cc1cc(C(=O)NC2CCCCCC2)ccc1OC(C)C,False
C=C(NC(=O)c1cc(N2CCCN(CCc3ccccc3)C2)cc1C,False
COc1ccc(C(=O)CCCN2CCC2OC)c1,False
NC(=O)c1ccccc1NC(=O)c1coc2occcc12,False
CC(NSCc1ccoc1)C(=O)N1CC1c1ccccn1,False
CCc1ccccc1NC(=O)c1nc(CO)s1,False
O=C(NCc1cccco1)N1CC(C(=O)N2CCc3ccccc32)CC1,False
CC(Oc1cnnn1)c1cc(NC(=O)c2ccccc2)cc1=O,False
Cc1cc2oc(C)c(NC(=O)c3ncc(Cn3ccccc33=O)nc2)n1,False
CCN(CCc1cc(F)ccn1)C1C1CC1CC1C1,False
Cc1nnn(CC)c1-c1cccc(Cl)cNCl,False
O=C(CC1COCC1)c1ccccc1COc1cc(F)cs1,True
CC(=O)N1C1CCCN(c1ncn(C)c2cncn2C)C(C)C1,False
O=C(CC1CCC1)NCC1CN(=O)c1cccc(C(CO)C,False
O=C(NC1CCCC1)n1cc(C2C(C(=O)N3CCCC3)c2cc1,False
CCC(=O)N1CCCN2CC(Oc3ccc(Cl)c3)cc2C1,False
COc1ccccs1C(=O)N1CCCN1c1ccccc1,False
COc1cc(N2CC2N(C(=O)CC3CC3)CC)c2nn1N,False
O=C(C1CCC1)N1cccc1NC(=O)C1CCCC1,False
O=-c1ccnc(CNC(=O)c2ncccn2S2CCC2)c1,False
CCc1nc(CC(=O)Nc2cc(Cl)cc2OC)n1,False
CCC(=O)c1ccc(C(=O)Nc2cc4c(c2)cncc3ncc2O)o1,False
CSc1ccccc1C(=O)NCC1CCC1,False
CN(CCc1ccc(N-c2ccccn2)c1)C#N,False
Cc1ccccc1CNC(=O)c1cc(C)n(C)c1,False
O=C(CCc1ccc(-c2cco2)cc1)NCC1CCCC1,False
CCC(=O)c1cc(Nc2cc(Cl)cc2O)oc1,False
CCN(Cc1nccs1)C(=O)Nc1ccccc1,False
O=C(CCCCn1cnc2cnccn2c1)c1ccccn1,False
CCCOC(F)(F)FC(F)(F)F,False
NC(=O)CCN1CC(=O)c2nc3ccc(NC4CCC4)cC3)c2C1C,False
COCCNC(=O)N1CCOC(Nc2ccccc1)C1,False
COCCN(C(=O)Cn1cnnc1-c1cccs1)c1cccccc1,False
COCc1ncccc1Cn1nnnc1NCC(=O)NCCC1CCC1,True
COc1ccc(CNC(=O)CC2(O)CC(CC)=C2)c1O,False
CN(Cc1cccc(F)c1)C(=O)N1CCN(S(=O)(=O)=O)CC1,False
Cc1ccc(C(C)=O)c1NC(=O)OCC1OCC(=O)C1,False
CCC1CC(=O)NC(=O)Nc1noc(S(=O)(=O)NCc1cccc1F,False
COc1ccc(NC(=O)N2CC(c3ccccc3)CC2)c(Cl)c1,True
NC(=O)Cn1csc(N2cccc2)c1,False
CNC(=O)CS(=O)(=O)c1cccc(C)c1,False
Cc1cc[nH]c2ncc(NC(=O)c3ccnc4c(c3N)n3c2=O,False
COc1cncc(C(=O)NCC2(C)Oc3nsc4ncn4n33)c1,False
Cc1cc(C#N)cc(CNc2nn(CCC3CC3)n2)c1,False
CCN(CC)C(=O)c1cc(C2CCCC2)c(Oc2cccc2)n1,False
c1cccc(CNC(=O)Nc2cc(OC)ccc2)c1,False
Cc1cccc(NS(=O)(=O)c2cocc2C)c1,False
Cc1ccc(NC(=O)C2Cc3cccc(NC(=O)=O)c4CCC3)c2(C)c1,False
CCOc1ccccc1FC(=O)NCCNC(=O)c1cccc1,False
O=C(CNc1ccc2c(n1)C1)N(CCCc1cnccn1)C1,False
Cc1ccc(NC(=O)NCc2n3c(c3c1)CC3)cc1,False
COCCNC(=O)CN1C2CCN(c2ccc(Oc3ccccc3)c2C1,False
O=C(Nc1cnn2c(c2cccc23)n1)N1CNCCCCC1=O,False
COCCCc1nnc(N2CNC(=O)c3c(c3ccccc3O3)CCC2)n1,False
COc1cccc(NC(=O)c2ccccc2)c1,False
Cc1cnc(CN2CCC=O)c2c(C(=O)Nc3noc3cc2C)c1,False
COCCCCNC(=O)Cc1ccc(OC)c1,False
CN(C)C(=O)Cn1ncnc1-c1ccc(Cl)cc1C(=O)N,True
COCCNc1cc(CCN(C)C(=O)NC2CCCN2C)n1,False
COc1ccc(NC(=O)c2cn(CCc3ccccc3)o2)cc1,False
CCNC(=O)c1cccc(1)NC(=O)OCC1CCC1,False
COC(=O)CCNC(=O)c1c(Br)cc(F)c1,False
COc1ccc(C(=O)OCCc2ccnc3c(c2)CCO3)cc1,False
O=C1CCN(c2nc(-c4cccc4OF)o3)n2CC1,False
CNSC(=O)(=O)Nc1cc(S(=O)(=O)c2cccc(F)c2)cc1,False
CCNC(=O)Cn1cscc1-c1cccn1,False
CC1CN(C(=O)CC2(c3ccc(NCCC3)s2)CCC2)C,False
CS(=O)(=O)c1ccc(CNC(=O)c2cccc(Cl)c2C)c1,False
CCC(=O)N1CCCN1CCN(C(=O)c1ccc(Cl)cc1)C1,False
COCc1cc(C)cc(C)c1NS(=O)(=O)C1CCOCCC1,False
Cc1nnc(-c2ccc(Cl)c3c1)s1,False
COc1cc(C(=O)NC(C(=O)c2[nH]cc(C)c2=O)cc1N,False
CCc1cccc(CNC(=O)OC)c1OC(C)(=O)N1CCC=O,False
O=Cc1ccccc1CCN1CC(=O)NC1CCC1,False
COc1noc2cc(C(=O)NCSC3=O)cccc2c1,False
O=C(NC1CCC1)N1CCC2C1CC1c1nc2ccccc2,False
Cc1nn(C)c3c(c1C)N(C)C(c1ccccc1)CC2,False
COC(=O)CN1CCCNC(=O)C(=O)c1ccccn1,False
COCCN(Cc1nccs1)C1CC1,False
COC(=O)CN1CC(Cc2cccc3c3c2C(=O)Nc2ccccc2)C1,False
CN(CCc4c(c2ccccc3[nH]2)CC(=O)CN1)CC(=O)NCC1CCC1,False
CCC(N=O)CNC(=O)c1cccc(N2CC(C3CCC4)CCC2)n1,False
Cc1n[nH]c1NCC(=O)Nc1cnc2cc=OCN(C)C2,False
COCCNC(=O)c1nnc2c(cccc2)nc1C(=O)N,False
COc1ccc(C(=O)NCc2nc3cccn3c(C)n3nc2c)cn1,False
CCc1nnn(C)c1Cn1n(C)ccc1C(=O)N1CCCC1,False
COCCc1ccc(COC)c(C)c1OC)OC,False
O=C(Nc1ccccc1F)c1non1-c1ncccc1,False
CN(Cc1cccnc1)S(=O)(=O)c1ccc(F)c(F)c1,False
COc1ccc(C1)cc(CN(C)C(=O)NCc2cccc2O)c1,False
Nc1nc(-c2nc(SC3C3)on2)nc1N,False
NSc1ccsc1Br,False
COc1cccc(C(=O)N=C3CC(C(N)=O)CC3CCC3)c1,False
CCc1cc(C)c(Sc2ccc(C#N)cc2)n1,False
COc1ccc(C(=O)NCC(=O)c2cccn2)cc1-c1ccc(C)n1,False
CC(C)CNC(=O)c1c(OCc2ccc(F)cc2)cnn1,False
Cc1nc(C)cc1C(=O)Nc1ccc(-c2nno2)c1,False
COCc1ccc(-c2nn3c(c2)CC3)c1C#N)c1C,False
O=C(Cc1ccccn1)N1CCCC1CC1(=O)NC(CC)CC1,False
CCNC(=O)Cc1ccc(C(=O)NCC(C)C)c1,False
O=C(CCOc1cccc(Cl)c1)N1CCC1c1ccc[nH]1,True
CCC(=O)NCCC1COc2cc(F)cc2NC(F)=O,False
Cc1cc(C(=O)NC2CCC3(c3ccccc4o3)CC2)c(=)[nH]1,False
CCN(SCC(O)F)C(=O)NCn1cncc1Cl,False
COc1ccc(OCC)c1CNC(=O)NCc1nc2cccn2nn1,False
CCNC(=O)Cn1nnc2nnc(CC)c12(=O)c1ccc(F)cn2,False
Cn1nc(-c2cncn2)nn1CCNC(=O)c1ccc(Cl)c1,False
O=C(CCNC(=O)c1ccccc1F)12NCC(CC2C1)NC1,False
COc1ccc2nc(C(=O)CCNC(=O)NC3CCCCC3)c2c1,False
O=C(Nc1cccnc1)c1ccccc1-c1ncncn1,False
O=C1NCC2CCC2C2N(CC(=O)c1cccs1)c2cccnc2,False
CN(Cc1ccc(F)cc1)c1cc(C#N)cn1,False
CN1CCN(C(=O)C2(CC=O)OCC2)c1cccc(F)c1,False
CC(C)n1c(CN1CC23CC(=O)nc4ccccc4c23)cs1,False
O=C(CCNC(=O)c1cccn1)NC1CCC1c1cc(OCC1)[nH]1,False
COc1ccc(C(=O)NC2CC(Oc3cccc(F)c3)c(C)C)=O)cc1,False
O=c1ccc(C(=O)N2CCC3C(C(=O)N3CCC)CC2)n1,False
COc1cccc(Br)c1NC(=O)c1cc(Cl)ccc1,True
COCNC(=O)CN1CCCN(C(=O)CC(C)(N)=O)CC1,False
O=C(NCCOc1ccccc1F)c1nc2cnn(-c3ccco3)c2[nH]1,True
Cc1[nH]c(=O)oc1C1C1CC(c2ccncn2ccccn2)C1,False
O=C(c1cccc(Cl)c1)c1ccc(Cl)c1,False
COc1cccc(C(=O)OCc2cccnc2)c1,False
CCN1CC(c2nnnc2-c2ccccc2)CC1,False
=CCC(O)C1CN(c2ccc(Cl)cc2)nc1ccc[nH]1,False
CCCNc1ccn(-c2ccccc2)c1,False
Cc1cc(N)c2n1C(C(=O)OC3CCC23)CO2cccc1,False
CC(=O)NCC(=O)Nc1cc(C(F)(F)(F)F)ccn1,False
CCc1ncc(CO)c1-c1nc(SC)c(=O)c1N,False
CCOCCC(=O)c1ccc(Br)c1,False
O=C(CNc1cc(F)c(Cl)n1)C1CCCC1C1,False
COc1ccc(NC(=O)c2ccc3oc2C(=O)N3CCC3CC3)c1,False
CCCNC(=O)CNC(=O)c1ccc(C)c(=O)s1,False
COc1ccc(C(=O)N2CCCC(C(=O)N3CCC4CCO4)cc2)cc1,False
COc1cc(C#N)c(C(=O)NC2C(c3ccccc3)CC2=O)c1,False
N#CCOc1ccc(C#C)cc1C(=O)NC(C)c1cccc1,False
CNC(=O)Cc1cccc(-c2cccnc2)c1,False
COC(=O)NC(C)c1cncc(-c2ncn(SC)(=O)n2)c1,False
Cc1nocc1CNC(=O)CC1CCN1C(=O)c1ccccc1,True
CCNC(=O)N1CCCClC1C(=O)N(c1ccncc1)c1ccnccc1,False
COc1ccc(CN2CCOC(CC)C2=O)cc(C)c1OC,False
O=C(NCC1CCOc2ccccc21)N1CCCN1C(=O)CO1,False
CCOc1nc(CNC(=O)c2cc3c(n3)C3CC3)nn2c1,False
CCC(=O)N1CC(NC(=O)c2cnc(C(=O)N3CCCC3)n2)CC1,False
CC(C)n1nn(Cc2cccc3c(c2)CCO4)[nH]1,False
O=C(c1cc(O)c(OC2=CCCl)c1)c1ccc2cc(=O)[nH]c12,False
O=C(NCCc1ccc(F)cc1F)c1cc(F)cc1,False
CC(c1cc(F)c2on(SCC4=O)n(CCCCC3)n2C)n1,False
O=C(Nc1csc(Cl)c1)c1[nH]c(C#N)cc1,False
CC(=O)Nc1cccc(C(=O)c2sc(=O)n3cnc(CC)nN3)c1,False
Cc1nc(C)c(C)c1c1NCCC(=O)N1CCOc1ccc(CF)c1,False
CCc1cncc(CNC(=O)c2ccnc(NCC(=O)N3CCC3CC3)n2)c1,False
Cc1ccc(C(=O)NCC(C)=O)Cc2ccc(N)cc21,False
CS(=O)(=O)C(=O)N1CCCC(NC(=O)c2ccccs2)C1,False
Cn1c(C)sc1NC(=O)c1cccc(C)c1,False
CN(Cc1ccc(Cl)c1)C1CCN(C(=O)c2cccs2)C1,False
Cn1cc(F)cc(NC(=O)c2nnc3ccccc3c2C)c1,False
COC(=O)c1ccc(CO)c(Br)c1C,False
COc1cccc(C(=O)NCC(=O)Nc2nncnn2)c1,False
CCCCC1CN(C(=O)c2nc3nnnc3ccccc23)CCN1,False
CC1C)C(=O)N1CCN(C(=O)c2ccc(Cl)c2)CC(C)(C)C1,False
O=C(CNC(=O)Sc1nc2ccccc2c1C#N)c1cco1,False
COc1cc(C2CCCCN2C(=O)CCc2cc(C)n[nH]2)cc1,False
CC(=O)N1CCCC(Oc2nc(Cc3ccccc4[nH](F)nc3F)n2)CC1,False
O=C(NC1CCC1)N1Cc2ccc(S(N)(=O)=O)[nH]c2c1,False
Cc1nc(C)n1C(=O)n1nc(-c2c(-c3ccco3)nn2)n1,False
COCC(c1ccc(F)cc1)Oc1cnn(-c2ccnc3cnc2)c1,False
N#c1cccc(OCc2cncs2)c1,False
COc1ccc(NC(=O)c2ccnc(Cl)c2)cc1,False
O=C(CNC(=O)c1csco1)c1ccccc1,False
COc1cc(F)ccc1C1CC1CCC1C1,False
CNC(=O)C(=O)N1CCC(n2cnnc2CC2)NCC1CC1,False
CC1CCO)C(C(NC(F)=O)N1CS(=O)(=O)c1cccc1F,False
CN1C(Cc2nc(C3CCO)cc3n(C)nn2)CCC1,False
O=C(c1cccnn1)N1CC(C(=O)N(Cc2ccc(F)cc2)C1,False
Cc1cc(C(=O)OCCC(=O)NCC(O)NC(C)C)nc1OC,False
CCNC(=O)c1cc(C)n2c1CC(C)c1nccn12CCC2,False
Cc1nn2cccc(NC(=O)C3(C)CCC4)c1C,False
COc1ccc(C(=O)NCc2nn(CC)n(CCC(C)C)c2)cc1,False
Nc1cc(Cl)cc(F)c1NC1CCCc2cccc21,False
Fc1cc(O)c(NC(=O)C(=O)c2cc3c(c2)OCC3)s1,False
COc1ccc(C(=O)NC(=O)c2cc(OC)c3c(c2C)c(F)c1,False
CC(CCO)c1nn2c(c1)C(=O)NC(CC)C2,False
CC(=O)n1c(C)nn(-c2ccccc2Br)c1C,False
COC(=O)CNC(=O)Nc1cc(S(=O)(=O)C)cc1,False
)c(C)c1nc(CCSc1nn2c(C(=O)NC3CCC3)ncc12,False
Cc1cccc(N2CC3CC3(C)C13)c1cc(N)c1C,False
CC(C)(CNC(=O)Nc1cc[nH]n1)C1CCCN(C(=O)C)C1,True
COc1cc(CN2CC(NC(=O)c3ccccc3)C3)ccc1,False
Cc1nonc1NC(=O)CCS(=O)(=O)c1c(C)(C)c(F)cc1,False
COc1ccc(C(=O)NCC(O)C(C)C)s1,False
Cc1nc(C)cc(C(=O)N2CCC(C(=O)N(C)C(=O)CC)c1,False
COc1ccc(CNC(=O)c2n[nH]c3c(NC)c(OC)c3cc23)c1,False
CCNC(=O)CN1CC(c2ccccc2O)c2cncc[nH]21,False
O=C(CNCC1CCC1C1)c1cc2c(c1)OCO2,False
CC(=O)c1ccccc1-c1ccc(N2CCCC2)c(C)n1,False
O=C(c1ccc(F)n1)c1ncnc(-c2ccccc2)c1,False
Cn1ccc(N2CCC2C2c3nc(n3c(N)ncn3c4c3)c1,False
COc1ccccc1,False
CCN(CC)C(=O)N1C=C2N(CC1C(=O)c1ccccc12)CC1CCN1,False
Cc1ccc(NC(=O)CN2CCN(c3cc(n3cccnc3)c3)C2)cc1,False
COc1cc(C)c(CS(=O)(=O)NC2CCCC2C)c1,False
CCOC(=O)C(C)C(=O)N1CCC21OCCC(C)O2,False
CCn1nc(-c2cc(F)cc2)n1C(=O)N(C(=O)Cc1cccn1C,False
COc1ccc(OC)c(C(=O)N2CCN(C(=O)c3cccnc3)CC2)c1,True
O=C1CCC(=O)CC1cOCNC(=O)N1c1ccccc1,False
CCN1C(C(=O)c2ccccn2)CCN(C(=O)O)c1cccc1,False
Cc1nc(NC(=O)CC2C2(C)NC(=O)OCC2)cc1C,False
CCCNC(=O)c1ncc(S(=O)(=O)c2ccccc2F)c1F,False
O=C(NCc1ccccc1Cl)N)C1CCC1,False
CCCc1nc(CN2CCN(c3ccc(C(F)F)cc3)CO2)cs1,False
CC(=O)N1CCc2nc(C(=O)N(Cc3ccc(F)cc3)on2)CC1,False
O=C(CCc1cscs1)n1cccc1C(=O)Nc1ccccc1,False
CCC(=O)N1CCN(n2ccccc2)C1(=O)CC1,False
O=C(c1cccc2c1c(c1)CO3)c1ccc(F)c1N1CCC1,False
Cn1cnc(CC)c1S(=O)(=O)c1cc(C)c2s1,False
Cc1ccc(CN(C)S(=O)(=O)c2cc(F)cc2)c1,False
O=C1CCCCN1C(=O)c1ccc2cc(c1)nccc2n1,False
O=C(CCCN1c1cccc(Sc2cco2)n1)c1ccnc1=N,False
COCCNC(c1nnnc1C)c1cc(F)ccc1,False
O=C(NCCN(c1ccncc1)c1c2nncn12,False
CC(CC)NC(=O)CN1CC(NC(=O)c2ccc(=O)n2)CC1,False
COCCNC(=O)CCS(=O)(=O)N1CCN1c1ccc(F)c1,False
CCNC(=O)CCc1cccc(N2CC(C1)N(C)COC3)n1,False
O=C(Nc1nccs1)CC13CCC1c1cc2ccccs2,False
COCc1ccc(F)c(OCc2nnn2C)c1,False
Cc1ccc(-c2c(O,False
NC(=O)N1CCC(c2cs(-Cl)n(C)n2)c1ccc(F)c1,False
CC1(C)OCCCN1Sc1nnncc1C,False
O=C(Cc1cccc(OCO)c1)N1CCN(c2ccs2)CC1,False
CO)c1nc(Cc2ncnc3c1C(C)=O)N(c1ccc(F)c1,False
CN(CCF)C(=O)CN1CCN(c2ncnc2-c2ccco2)C1,False
COCNC(=O)C(=O)N1CC(NC(=O)c2ccccc2)CC1,False
COc1ccc(NC(=O)N2Cc3cccc(CC(N)=O)[nH]3)cc1,False
CCOc1ccnc2nc1CCO)C(=O)N1C1CCCC1,False
COc1cc(C(=O)NC(=O)c2[nH](C)c3cccccc23)cn1,False
O=C(NCc1c[nH]nc1)Nc1cc(Cl)ccc1,False
Cc1nnc(-c2ccccc2N2CCCN(c3ccnco3)C2)c1,False
CC(NC(=O)C1COCN(C(=O)Nc2cccc(F)c2F)C(=O)c1ccno1,False
COc1ccc(NC(=O)c2cn(C(Br)(F)cc2F)c1,False
C(C)OC1CCCN1C(c1cccc(F)c1)C1,False
CC1CC(C)N(C(=O)c2ccc3cc(c3)CC33)CC2O1,False
COC(=O)C1CCN(C(=O)CN(CC(=O)C2CCNNCC2)C1,False
COCC1CCCN1C(=O)c1ccc(OC)cc1C1,False
CCc1cccc2n1)C(F)(C(=O)NCC(=O)NCCO,False
COc1cc(C(=O)NC(C)(O)c2ccccc2C)cc(N)c1,True
Cc1ccc(N)c(S(=O)(=O)Nc2cccc(F)c2)c1,False
CCOCCC(=O)N1CC(C(=O)c2nc(C)ccn2)C1,False
COCCN(C)C(=O)c1cc(F)cc1N,False
NC(=O)CN1CCCN(C(=O)N2CCC2)c2ccccc21,False
C=CCN(C(=O)CCc1con(-c2ccccc2)o1)c1ccnn1,False
COC(=O)c1ccc(C(=O)N2CCCN(C(=O)CC(C)C)C2)c1,False
Cc1cn(C)c(OCC(=O)CSc2ccccc2N2)n1,False
O=C(Cc1cnncn1)n1nc2nnn12CCCc3c1,False
NC(=O)CSc1ccc2nc(=O)o2c1C(c1ccccc1)N1,False
COc1ccc(C(=O)N2(CCC2)3CCC2CO3)c1,False
CCCCCOn1nnc(-c2ccccc2)n1,False
Cc1nc(CN#S(=O)(=O)c2cccc(F)c2F)n1,False
COc1cc(C)c(COc2nnc3ccccc33c2=O)c1,False
CC(=O)NC(=O)CC(C)NC(=O)c1ccc(C2CCCC2)c(C)n1,True
Cc1sc2c(nc3c1=O)N(C(=O)c1nnc(C)c13CC3)CC1,False
Cc1ccc(C(=O)NC2CN(CC(=O)N3CC3)c2)n1,False
CCOC(=O)c1cc(CCCN(C)C)n2c(=O)c(C)n1,False
CC(C)CC-c1nn(SC(Cc2cnc3nnnn3c2=O)cc1OC#N,False
